text,scarcity_urgency,pre_selected_options,visual_asymmetry,confirmshaming,hidden_delayed_costs,forced_continuity,misdirection
FLASH SALE | LIMITED TIME ONLY Shop Now,1,0,0,0,0,0,0
Pillowcases & Shams,0,0,0,0,0,0,0
Write a review,0,0,0,0,0,0,0
"To start your return, simply click on the following button and add your return details. Once the form is filled, you will receive an email with shipping instructions for how to ship the item(s) to our warehouse.",0,0,0,0,0,0,0
newsletter signup (privacy policy),0,0,0,0,0,0,0
In demand,1,0,0,0,0,0,0
"We cannot guarantee door to door delivery for every customer. Buyers in remote areas such as farms, islands, mining camps, small towns, or out-of-towners, etc may need to collect from their nearest freight depot.",0,0,0,0,0,0,0
Hurry! Only 2 left in stock,1,0,0,0,0,0,0
In Stock only 3 left,1,0,0,0,0,0,0
International Shipping Policy,0,0,0,0,0,0,0
"Clothes, Shoes & Accessories",0,0,0,0,0,0,0
Hurry! Only 2 left,1,0,0,0,0,0,0
Primary Arms Scopes,0,0,0,0,0,0,0
ONLY 8 LEFT,1,0,0,0,0,0,0
MoTrail,0,0,0,0,0,0,0
LCD Ribbon Cables,0,0,0,0,0,0,0
READY FOR YOUR NEXT AUTHENTIC NHL JERSEY?,0,0,0,0,0,0,0
OUR BEST SELLING GOGGLE,0,0,0,0,0,0,1
"1,142 people have added to cart recently",1,0,0,0,0,0,0
Limited Availability,1,0,0,0,0,0,0
No thanks. I don't like free things...,0,0,0,1,0,0,1
read you will want to read -- Five Book Group Favourites * Sunday Post *,0,0,0,0,0,0,0
Supply & Demand,0,0,0,0,0,0,0
"Michael in Pontiac, United States purchased a",1,0,0,0,0,0,0
Bathroom Lighting,0,0,0,0,0,0,0
Shop Optics >,0,0,0,0,0,0,0
9 people are viewing this.,1,0,0,0,0,0,0
"894 Claimed! Hurry, only a few left!",1,0,0,0,0,0,0
77 PEOPLE LIKE THIS,1,0,0,0,0,0,0
Girls Trousers,0,0,0,0,0,0,0
Specs,0,0,0,0,0,0,0
4 items left,1,0,0,0,0,0,0
HURRY! EXCLUSIVE DEAL FOR YOU! 1 4 : 4 5,1,0,0,0,0,0,0
Offer ends in,1,0,0,0,0,0,0
"Another babe in Alexandria, United States just ordered Flat Tummy Tea",1,0,0,0,0,0,0
Someone in Boling Iago Texas United States Purchased Seek Discomfort Sketch White iPhone Case 5 hours ago,1,0,0,0,0,0,0
More Info,0,0,0,0,0,0,0
Daystate FAC Air Rifles,0,0,0,0,0,0,0
"Keyboard Navigation Profile (Motor-Impaired): this profile enables motor-impaired persons to operate the website using the keyboard Tab, Shift+Tab, and the Enter keys. Users can also use shortcuts such as “M” (menus), “H” (headings), “F” (forms), “B” (buttons), and “G” (graphics) to jump to specific elements.",0,0,0,0,0,0,0
24 sold in last 24 hours.,1,0,0,0,0,0,0
#CERTIFIED_FACE_MASKS,0,0,0,0,0,0,0
Shop the Look,0,0,0,0,0,0,0
Kicks Remotes,0,0,0,0,0,0,0
Only 7 left in stock.,1,0,0,0,0,0,0
Whey Protein Isolate,0,0,0,0,0,0,0
Cases for Magsafe Refine by Product Type: Cases for Magsafe,0,0,0,0,0,0,0
Product Info,0,0,0,0,0,0,0
Someone from Norway purchased a Super FG Grater - 12x Faster - 15% OFF,1,0,0,0,0,0,0
Sign In With Google,0,0,0,0,0,0,0
Shop All,0,0,0,0,0,0,0
You can change your preference here Shop for Select an age,0,0,0,0,0,0,0
1 in Stock,1,0,0,0,0,0,0
shop all,0,0,0,0,0,0,0
Low Stock Alert: Only 8 left in inventory,1,0,0,0,0,0,0
Womens Platform Shoes,0,0,0,0,0,0,0
Screen print graphics,0,0,0,0,0,0,0
"IBKUL Solid Mock Neck Half Zip Pullover purchased from Clinton, MD, US 1 minute ago",1,0,0,0,0,0,0
Thin and tough - protects from minor scratches,0,0,0,0,0,0,0
Kimberly R.,0,0,0,0,0,0,0
I don't feel lucky,0,0,0,0,0,0,1
Only 3 items left,1,0,0,0,0,0,0
Butterscotch Cakes,0,0,0,0,0,0,0
"Someone in Saint Kilda, Victoria purchased Frank Queen Size Bed Base",1,0,0,0,0,0,0
Awntech New Yorker Window/Entry Slope Awnin ...,0,0,0,0,0,0,0
45 ADDED TO BAG IN THE PAST 24 HOURS,1,0,0,0,0,0,0
87% offers claimed. Hurry up!,1,0,0,0,0,0,0
HURRY! £32.99 UK DELIVERY ENDS SOON,1,0,0,0,0,0,0
ONLY 3 LEFT,1,0,0,0,0,0,0
8 items left,1,0,0,0,0,0,0
19 people viewed this product per day,1,0,0,0,0,0,0
Irwin,0,0,0,0,0,0,0
96 ITEM(S) LEFT IN STOCK!,1,0,0,0,0,0,0
__________,0,0,0,0,0,0,0
Only 1 left In Stock,1,0,0,0,0,0,0
Availability: Only 4 Left!,1,0,0,0,0,0,0
Personalised Gifts,0,0,0,0,0,0,0
A customer service specialist will contact you soon.,0,0,0,0,0,0,0
Your order is reserved for 09:54 minutes!,1,0,0,0,0,0,0
Screws & Other Fixings,0,0,0,0,0,0,0
Use the domain shortly after payment,0,0,0,0,0,0,0
Office Supplies & Decor,0,0,0,0,0,0,0
This size has only 1 left in stock,1,0,0,0,0,0,0
Arrow,0,0,0,0,0,0,0
Returns an Item,0,0,0,0,0,0,0
HOT PRODUCT Over 250 people are looking at this item.,1,0,0,0,0,0,0
I don't want to save money,0,0,0,1,0,0,1
HURRY! ONLY 2 LEFT IN STOCK!,1,0,0,0,0,0,0
Hair type: Curly,0,0,0,0,0,0,0
DEAL ENDS IN 40:55:13,1,0,0,0,0,0,0
Someone bought: HYPE BLUE LARGE SPLAT KIDS LEGGINGS,1,0,0,0,0,0,0
Only 1 Left,1,0,0,0,0,0,0
Search for similiar products,0,0,0,0,0,0,0
Only 33 left,1,0,0,0,0,0,0
FAMILY SHADE PACK | PICK YOUR PACK,0,0,0,0,0,0,0
Promaster City Remotes,0,0,0,0,0,0,0
"Hurry, only a few left!",1,0,0,0,0,0,0
V&A Collection People Tree’s collaboration with the Victoria and Albert Museum offers a stylish and contemporary capsule collection which celebrates the beauty and variety of pattern which the London museum is renowned for.,0,0,0,0,0,0,0
Only 11 left!,1,0,0,0,0,0,0
Hurry! Only 6 left in stock,1,0,0,0,0,0,0
40 users are currently active on our website just now.,1,0,0,0,0,0,0
Hair Tools,0,0,0,0,0,0,0
Email Address*,0,0,0,0,0,0,0
Send Us Your Jersey,0,0,0,0,0,0,0
View All Home Office Furniture,0,0,0,0,0,0,0
Search Result:Search Results:,0,0,0,0,0,0,0
90% offers claimed. Hurry up!,1,0,0,0,0,0,0
Tube Tops,0,0,0,0,0,0,0
"Mitchell H. Purchased a Dimplex IgniteXL 100"" Linear Built in Electric Fireplace",1,0,0,0,0,0,0
Hair type: Wavy,0,0,0,0,0,0,0
7 people looked at this product in the last 24 hours.,1,0,0,0,0,0,0
Glow Gear,0,0,0,0,0,0,0
18 In Stock,1,0,0,0,0,0,0
Someone in New Lynn bought a Kogan A1 Earphones with Inline Control for IOS/Android 1 hour ago.,1,0,0,0,0,0,0
00:15:07:45,1,0,0,0,0,0,0
"No, I'll rather pay full price.",0,0,0,0,0,0,1
Only 9 Left.,1,0,0,0,0,0,0
Deals of the Week,0,0,0,0,0,0,0
"... It covers love and loss, friendship and pain through",0,0,0,0,0,0,0
1 person is viewing this,1,0,0,0,0,0,0
Your order is reserved for 09:14 minutes!,1,0,0,0,0,0,0
"Gift TypeFlowers, Cakes, Plants, etc.",0,0,0,0,0,0,0
CAMILLA World,0,0,0,0,0,0,0
Sweep Train Simple A Line Tulle Wedding Dress with Appliques and Beading,0,0,0,0,0,0,0
Fun Treat Tossing,0,0,0,0,0,0,0
Limited time remaining!,1,0,0,0,0,0,0
"No thanks, I'll pay full price",0,0,0,1,0,0,1
Your shopping bag is empty...,0,0,0,0,0,0,0
Trousers & Chinos,0,0,0,0,0,0,0
Only 7 left in stock!,1,0,0,0,0,0,0
Only 5 item(s) left.,1,0,0,0,0,0,0
Chargers,0,0,0,0,0,0,0
(only 5 left),1,0,0,0,0,0,0
Eyelashes,0,0,0,0,0,0,0
Pick the price that matches your budget.,0,0,0,0,0,0,0
"Bringing the latest footwear, ‘fits and accessories from the biggest brands, the JD app makes coppin’ the hottest looks even easier!",0,0,0,0,0,0,0
Child Safety,0,0,0,0,0,0,0
Cosmic Rainbow,0,0,0,0,0,0,0
NRA Annual Meetings & Exhibits,0,0,0,0,0,0,0
ShoesBootsCasual ShoesFormal ShoesSandals & Flip-flopsShoe Care & AccessoriesSlippersSneakers & CanvasSports Shoes,0,0,0,0,0,0,0
Moonstone Beads,0,0,0,0,0,0,0
I'll Shop Without A Discount,0,0,0,0,0,0,1
Only 11 Left In Stock,1,0,0,0,0,0,0
Netherlands Antilles USD,0,0,0,0,0,0,0
Was this product description useful?YesNo,0,0,0,0,0,0,0
Returns Information,0,0,0,0,0,0,0
TiesToys & GamesTravelWatches,0,0,0,0,0,0,0
Bought by 39 people in last few hours! HOT SELLER!,1,0,0,0,0,0,0
Books and Stationery,0,0,0,0,0,0,0
Your order is reserved for 08:48 minutes!,1,0,0,0,0,0,0
11 11 Hours: 00 22 Minutes: 3223 3223 Seconds,1,0,0,0,0,0,0
Bioactive Custodians,0,0,0,0,0,0,0
Most-Hearted Styles Shop Now,0,0,0,0,0,0,0
Use a clean vase and clean water.,0,0,0,0,0,0,0
"well, this is awkward.",0,0,0,0,0,0,0
@elsieandpresley_ got some fantastic color results with our Hair Color Wax. Well done 👏,0,0,0,0,0,0,0
All Licensed,0,0,0,0,0,0,0
Nursing chairs,0,0,0,0,0,0,0
Only 1 Item(s) left,1,0,0,0,0,0,0
Discount pending $10 OFF 00:30:00,1,0,0,0,0,0,0
Juniors' Shoes,0,0,0,0,0,0,0
Limited Time: $10 Off! Discount Reflected In Price!,1,0,0,0,0,0,0
Switchers,0,0,0,0,0,0,0
Data Processor Privacy Policy: https://cookieinformation.com/cookie-and-privacy-policy,0,0,0,0,0,0,0
Ribbons,0,0,0,0,0,0,0
"By clicking Sign Up, you agree to receive marketing text messages from Southern Tide at the number provided, including messages sent by autodialer. Consent is not a condition of any purchase. Message and data rates may apply. Message frequency varies. Reply HELP for help or STOP to cancel. View our Privacy Policy and Terms of Service.",0,0,0,0,0,0,0
IN 43 PEOPLE'S SHOPPING BAG,1,0,0,0,0,0,0
Amethyst Beads,0,0,0,0,0,0,0
Down Jackets,0,0,0,0,0,0,0
Hurry up! Prices increase in 0 DAYS 11 HRS 59 MINS 55 SECS,1,0,0,0,0,0,0
"BERNARD in Philadelphia, United States purchased a",1,0,0,0,0,0,0
"NO THANKS, I DON’T MIND MISSING OUT",0,0,0,1,0,0,1
"Hurry, only 1 left!",1,0,0,0,0,0,0
Only 26 Left,1,0,0,0,0,0,0
7 sold in last 24 hours,1,0,0,0,0,0,0
Buy Wearables»,0,0,0,0,0,0,0
LAST CHANCE - UP TO 70% OFF - ENDS IN: 20 HRS 28 MINS 30 SECS,1,0,0,0,0,0,0
Watercolour Brushes Toggle category Watercolour Brushes,0,0,0,0,0,0,0
LightInTheBox 掲載記事,0,0,0,0,0,0,0
Clear filter,0,0,0,0,0,0,0
HURRY UP > 09H 42M 39S,1,0,0,0,0,0,0
Sweats,0,0,0,0,0,0,0
Q: Will this damage my hair?,0,0,0,0,0,0,0
Brandon Blackwood,0,0,0,0,0,0,0
"Someone in Sasebo, Japan just bought",1,0,0,0,0,0,0
80 Customers are considering this product right now.,1,0,0,0,0,0,0
88 PEOPLE VIEWED ITEM IN THE LAST 24 HOURS,1,0,0,0,0,0,0
End Tables,0,0,0,0,0,0,0
ONLY 2 LEFT IN STOCK!,1,0,0,0,0,0,0
Only few items left in stock,1,0,0,0,0,0,0
Only 1.75 yards left in stock!,1,0,0,0,0,0,0
"Brilliant! Chose what I wanted, and came a week later. Very happy with my purchase",0,0,0,0,0,0,0
71 people have purchased this item,1,0,0,0,0,0,0
Only 8 left,1,0,0,0,0,0,0
Subscribe & Save,0,0,0,0,0,0,1
"We use cookies to improve our services, make personal offers, and enhance your experience. If you do not accept optional cookies below, your experience may be affected. If you want to know more, please, read the Cookie Policy",0,0,0,0,0,0,0
"Long Dress Style Beach Cover Up With Lace Detail Jessica in Metairie, United States",1,0,0,0,0,0,0
"Someone in Kilwinning, United Kingdom just bought Cuban Link Chain Bracelet",1,0,0,0,0,0,0
00DAYS00HOURS14MINUTES21SECONDS,1,0,0,0,0,0,0
"Great prices, professional customer services",0,0,0,0,0,0,0
Carnival Remotes,0,0,0,0,0,0,0
Hurry! Only 1 left in size M!!,1,0,0,0,0,0,0
Items in your cart are in high demand.,1,0,0,0,0,0,0
VIP Points!,0,0,0,0,0,0,0
Root Touch Up + Brow Filler,0,0,0,0,0,0,0
Limited stock Only 2 left,1,0,0,0,0,0,0
"Looks like your cart is empty, let's fix that!",0,0,0,0,0,0,0
Over 500 left in stock,1,0,0,0,0,0,0
Lasers,0,0,0,0,0,0,0
Choose your payment day. View your schedule and select pay now.,0,0,0,0,0,0,0
Hurry up! 6 people other than you have this product in their cart,1,0,0,0,0,0,0
E-Gift Cards,0,0,0,0,0,0,0
1 LEFT,1,0,0,0,0,0,0
Leslie in USA just Purchased Special Design Exclusive Handmade Silver Ring,1,0,0,0,0,0,0
Personalised Chocolates,0,0,0,0,0,0,0
Shop Dresses by Occasion,0,0,0,0,0,0,0
I do not want to protect my item,0,0,0,0,0,0,1
Add to Your Gift and We'll Ship it For Free!,0,0,0,0,0,0,1
Wallets,0,0,0,0,0,0,0
Exclusive offers & discounts for club members via email,0,0,0,0,0,0,0
Buy with humm.,0,0,0,0,0,0,0
"Household Cleaning Kitchen Bathroom Eco Laundry General Cleaning Kitchenware Cook & Bakeware Food Storage & Preservation Kitchen Textiles Appliances Kitchen Appliances Household Appliances Bed, Bath & Living",0,0,0,0,0,0,0
Synthesis E-MTB Carbon Wheelset,0,0,0,0,0,0,0
"25,439 people have viewed this item",1,0,0,0,0,0,0
No thanks I definitely measured correctly,0,0,0,1,0,0,1
57 PEOPLE HAVE LOOKED AT THIS TODAY,1,0,0,0,0,0,0
Theresa from Botkins just bought Panoply 14918 A-line Lace Formal Dress,1,0,0,0,0,0,0
Women's ApparelCollection,0,0,0,0,0,0,0
"Before you check out, can we tempt you?",0,0,0,0,0,0,1
Women's Sandals,0,0,0,0,0,0,0
Plant-Based Beauty,0,0,0,0,0,0,0
"When you join the PetPlus Plan, you are given the option to purchase your membership on an annual or monthly basis and you are automatically enrolled in our recurring billing program. You may cancel at any time by contacting our customer service team, but you will not be refunded for any unused days on your membership if you choose to cancel prior to the end of your billing cycle. You may cancel your PetPlus membership at any time without penalty if you have not utilized any of your PetPlus benefits (including discounts on products and/or services). For customers charged on a monthly basis, if you have purchased products or used services using your PetPlus benefits, we will charge a $25 administrative fee per membership cancellation if the membership is cancelled within three months of enrollment.",0,0,0,0,0,1,0
Frame out of stock in this colour,0,0,0,0,0,0,0
Hair Care Sets,0,0,0,0,0,0,0
Limited quantity remaining,1,0,0,0,0,0,0
CareersAbout UsAffiliatesPrivacy SettingsAdvertise with usHelpSite map,0,0,0,0,0,0,0
"128 sold today! Hurry, only a few left!",1,0,0,0,0,0,0
4 people are looking at this right now.,1,0,0,0,0,0,0
"No thanks, I dont want a discount",0,0,0,1,0,0,1
"Someone from Portland, United States (US) purchased MODALERT recently.",1,0,0,0,0,0,0
Limited Time Offer Limited Offer! 15% off on Naomi Home with Coupon 9N03. You pay $63.74,1,0,0,0,0,0,0
2 people are viewing this,1,0,0,0,0,0,0
HURRY! ONLY 1 IN STOCK!,1,0,0,0,0,0,0
Printed,0,0,0,0,0,0,0
Patient Transfer Devices,0,0,0,0,0,0,0
Summer Casual Printed Loosen Short Sleeve T-Shirt,0,0,0,0,0,0,0
Summer V Neck Solid Color Short Sleeve Waffle T-Shirt,0,0,0,0,0,0,0
LAST CHANCE TO ACTIVATE 10% OFF,1,0,0,0,0,0,0
Your order is reserved for 09:45 minutes!,1,0,0,0,0,0,0
only 5 left,1,0,0,0,0,0,0
78 Persons looking for this product,1,0,0,0,0,0,0
Heart Shaped Cake,0,0,0,0,0,0,0
227 Bought Already,1,0,0,0,0,0,0
You've made the starting lineup. Be on the look out for an exclusive offer for signing up.,0,0,0,0,0,0,0
Universal Fit Collapsible Smart Phone Stand,0,0,0,0,0,0,0
Hurry! Only Limited Items Left,1,0,0,0,0,0,0
現代奴隷法に対する透明性に関する声明 (opens in a new tab),0,0,0,0,0,0,0
Strong demand! Complete your order before it's too late!,1,0,0,0,0,0,0
Your order is reserved for 09:56 minutes!,1,0,0,0,0,0,0
"Sudha rana from Jaipur bought this product, 23 Mins ago.",1,0,0,0,0,0,0
Gift Wrapping Supplies,0,0,0,0,0,0,0
6 others have already bought this deal today!,1,0,0,0,0,0,0
"""No Worry"" Membership Renewal We will bill your credit card on file at the introductory rate of $2.99 per month for the first year, for membership rewards and discounts. At the end of the introductory period, you'll be billed at the regular monthly rate of $3.99 per month. If you don't want your membership renewed, simply contact us and we will cancel your subscription. You will be refunded for the current month's membership fee, less any membership savings you have received. Exclusive Toll-Free Hotline Number Because we want your calls to get top priority, we have a special number for Value Club members only: 1-800-648-4282. Your call will be handled with the utmost promptness, courtesy and efficiency possible.",0,0,0,0,0,1,0
info@coolhockey.com,0,0,0,0,0,0,0
"LIMITED TIME OFFER 10% OFF - ENTER CODE \""CASES\"" AT CHECKOUT",1,0,0,0,0,0,0
Safe & Secure Checkout,0,0,0,0,0,0,0
"GRACE from ORLANDO, United States bought Camouflage Jumpsuit 31 minutes ago",1,0,0,0,0,0,0
"Synne Kristine in Halden, bought Classic Bokksu Subscription (Billed Every 1 Month) (Ships every 1 Months) about 45 minutes ago",1,0,0,0,0,0,0
Wall Mounted Air Conditioners,0,0,0,0,0,0,0
"803 Claimed! Hurry, only a few left!",1,0,0,0,0,0,0
"Monira in Doha, Qatar purchased a LilyVanity™ Velvet Box",1,0,0,0,0,0,0
Only 2 left!,1,0,0,0,0,0,0
3 PEOPLE VIEWING,1,0,0,0,0,0,0
"No thanks, I’d rather pay full price.",0,0,0,1,0,0,1
Product Feature,0,0,0,0,0,0,0
Plant-based Protein,0,0,0,0,0,0,0
Parad Combo Deals,0,0,0,0,0,0,0
Last Shape Guide,0,0,0,0,0,0,0
Baby & Toddler Toys,0,0,0,0,0,0,0
Shipping Insurance Remove Insurance,0,0,0,0,1,0,0
Clocks,0,0,0,0,0,0,0
Cat's Eye Beads,0,0,0,0,0,0,0
Shop now. Pay later. Always interest-free,0,0,0,0,0,0,0
Stay with us in India,0,0,0,0,0,0,0
No thanks. I don’t want deals.,0,0,0,1,0,0,1
Wyse Thin Client,0,0,0,0,0,0,0
AdjustableBucketHeadbandsSale Items- View All -,0,0,0,0,0,0,0
Every bicycle tells a story,0,0,0,0,0,0,0
"This site uses cookies to provide and improve your shopping experience. If you want to benefit from this improved service, please opt-in.",0,0,0,0,0,0,0
Add and save!,0,0,0,0,0,0,1
Intercoms & Doorbells,0,0,0,0,0,0,0
Boys Purple School Uniforms,0,0,0,0,0,0,0
RECENTLY VIEWED 2 others viewed this in the last few hours,1,0,0,0,0,0,0
2 viewed per hour,1,0,0,0,0,0,0
1 other customers have this item in their shopping cart,1,0,0,0,0,0,0
ONLY A FEW LEFT IN STOCK,1,0,0,0,0,0,0
1day21:04:58,1,0,0,0,0,0,0
Fashion Forms,0,0,0,0,0,0,0
Stock Low : 6 items left.,1,0,0,0,0,0,0
"NO, I'LL PAY FULL PRICE",0,0,0,0,0,0,1
Terrarium Light Canopies,0,0,0,0,0,0,0
"HURRY, LOW IN STOCK!",1,0,0,0,0,0,0
Only 4 copies left,1,0,0,0,0,0,0
2 LEFT,1,0,0,0,0,0,0
Feedback,0,0,0,0,0,0,0
2 DAYS 13:06:13,1,0,0,0,0,0,0
Receive news and updates on new products,0,0,0,0,0,0,0
5338 people bought this,1,0,0,0,0,0,0
2 left in stock,1,0,0,0,0,0,0
dFresh - Fresh Products,0,0,0,0,0,0,0
Thanks! -RMO Team,0,0,0,0,0,0,0
"6,743 people have viewed recently",1,0,0,0,0,0,0
Selling fast!,1,0,0,0,0,0,0
Welcome To Hotter us,0,0,0,0,0,0,0
ON SALE: Select Seasonal T-Shirts only $19.99! Limited time only! Save Now!,1,0,0,0,0,0,0
"To enable notifications, click 'Allow' when prompted.",0,0,0,0,0,0,0
PHX Mercury,0,0,0,0,0,0,0
Easy Release Cleat Kit,0,0,0,0,0,0,0
111 people have purchased this item,1,0,0,0,0,0,0
Flowers Trivia:,0,0,0,0,0,0,0
Your order is reserved for 09:58 minutes!,1,0,0,0,0,0,0
I've recommended The Keeper of Lost Things to everyone.,0,0,0,0,0,0,0
LIMITED TIME! - Save $5 OFF Orders $70+ Coupon: SAVE5 - PLUS - Free Gift on Orders $125+,1,0,0,0,0,0,0
"1 Netflix offer: Not available to customers with an active Netflix offer from Vodafone. Available only on Red+ Lite, Unlimited, Red+ Essentials and Red+ until the 8th of August 2019. Exit fee of $60 applies if you exit or transfer your plan before 6 months. Plan exit fees may also apply. Netflix Offer: One year Netflix ‘Standard’ plan ($14.99 a month) credit will be applied to your Netflix account on activation. At the end of your credit, you will be charged at your Netflix plan rate unless you cancel your Netflix subscription. Cancel Netflix at any time. Netflix compatible device required. See eligible plans and full Netflix terms.",0,0,0,0,1,0,0
Celebrity Synthetic Wigs,0,0,0,0,0,0,0
1626 people seeing this product right now,1,0,0,0,0,0,0
"Book picture is for illustrative purposes only, actual binding, cover or edition may vary.",0,0,0,0,0,0,0
Glow Gear,0,0,0,0,0,0,0
Converse,0,0,0,0,0,0,0
Stay Connected,0,0,0,0,0,0,0
Only 1 left in Stock,1,0,0,0,0,0,0
sales@ecklers.net,0,0,0,0,0,0,0
0 Days 2 Hours 57 Minutes 53 Seconds,1,0,0,0,0,0,0
Sharmeen Atif From Karachi just bought Stylish Metal Glasses Frames For Kids-Assorted-NA7157,1,0,0,0,0,0,0
Only 34 Left!,1,0,0,0,0,0,0
"William in Pago Pago, United States purchased a",1,0,0,0,0,0,0
"No thanks, I don’t like fun and games.",0,0,0,1,0,0,1
"PROTECT YOUR SOFA! Your Humblebum Sofa in Thatch house fabric will look wicked! Why not add Castelan Fabric Protection to cover your new squish machine against wine spillages, messy TV dinners, and other disasters for just just £80?",0,0,0,0,0,0,1
Explore The NRA Universe Of Websites,0,0,0,0,0,0,0
New In Special Occasion,0,0,0,0,0,0,0
"› New Year, New Kit Sale",0,0,0,0,0,0,0
"HURRY, ORDER WITHIN 16h 59m 06s TO GET 35% OFF EVERYTHING* EXCL SALE & BEAUTY ENTER: DOLL35",1,0,0,0,0,0,0
Title of Review,0,0,0,0,0,0,0
We uses cookies (and similar techniques) to provide you with better products and services. Your permission will be confirmed if you continue using this website.Read more,0,0,0,0,0,0,0
LAST CHANCE TO SAVE... enter your email to Save 20% on your first order 00 hours :29 minutes :43 seconds,1,0,0,0,0,0,0
OFFER EXPIRES IN: YES NO Want 10% Off Your First Order? 7 minutes 35 seconds,1,0,0,0,0,0,0
Cellular/Honeycomb Shades,0,0,0,0,0,0,0
113 people have viewed in the last 24hrs,1,0,0,0,0,0,0
Epilepsy Safe Profile: this profile enables people with epilepsy to safely use the website by eliminating the risk of seizures resulting from flashing or blinking animations and risky color combinations.,0,0,0,0,0,0,0
"Jamie in Nashville, United States purchased",1,0,0,0,0,0,0
"Denise in Saluda, Virginia bought Terani Couture - 1911E9095 Embroidered Asymmetric Neck Mermaid Gown",1,0,0,0,0,0,0
Don't miss out! We've sold 38 in the last few days.,1,0,0,0,0,0,0
"No, thank you. I prefer to pay the full price",0,0,0,0,0,0,1
"No Thanks, I don't like exclusive deals.",0,0,0,1,0,0,1
Loading interface...,0,0,0,0,0,0,0
SAF Warriors,0,0,0,0,0,0,0
Lens Manual Washer,0,0,0,0,0,0,0
"No thanks, I'd like 0% off",0,0,0,1,0,0,1
Warm Tips,0,0,0,0,0,0,0
Our Carbon Footprint,0,0,0,0,0,0,0
Women's Summer New Clerk Large Size Loose Cotton And Linen Blouse,0,0,0,0,0,0,0
Uncheck the box if you prefer not to receive email updates.,0,0,0,0,0,0,1
| Add to Compare,0,0,0,0,0,0,0
"No Thanks, I Don't Want a Free Gift",0,0,0,1,0,0,1
World of Sweats,0,0,0,0,0,0,0
This item is in high demand.,1,0,0,0,0,0,0
Cargo Trousers,0,0,0,0,0,0,0
Hair Bundles With Closure,0,0,0,0,0,0,0
BreakThrough,0,0,0,0,0,0,0
ONLY 1 LEFT! GET IT NOW!,1,0,0,0,0,0,0
"Our most recent customers are from New Rochelle, Roseville, and Brooksville",1,0,0,0,0,0,0
ShopClose menu,0,0,0,0,0,0,0
Used Rifles,0,0,0,0,0,0,0
ONLY 4 LEFT,1,0,0,0,0,0,0
Limited quantity!,1,0,0,0,0,0,0
DON'T MISS ON THESE AWESOME ITEMS / DON'T MISS ON OUR TABLE DECORATION SYSTEM,0,0,0,0,0,0,1
Hurry! Only 15 left!,1,0,0,0,0,0,0
Motocross Boots,0,0,0,0,0,0,0
Remove Product?,0,0,0,0,0,0,0
Nursery,0,0,0,0,0,0,0
Footwear Accessories,0,0,0,0,0,0,0
Only a few more left!,1,0,0,0,0,0,0
0011Days:0088Hours:4411Minutes:21125445Seconds,1,0,0,0,0,0,0
and future features included!,0,0,0,0,0,0,0
69 people are viewing this,1,0,0,0,0,0,0
Only 4 items left in stock.,1,0,0,0,0,0,0
Natural Backgrounds,0,0,0,0,0,0,0
Speed Lace Accessory Kit - Orange,0,0,0,0,0,0,0
"No Thanks, I Prefer Paying Full Price",0,0,0,1,0,0,1
"Package RecyclingWe do try when possible to reuse packaging from our own suppliers in order to send purchased items to our customers, we ask if the packaging is still in good condition after you've received your goods then please try to use it again or recycle if not possible.",0,0,0,0,0,0,0
"Ends in 1 Days, 4 Minutes, 44 Seconds",1,0,0,0,0,0,0
In Stock - Limited Quantity,1,0,0,0,0,0,0
on Freight,0,0,0,0,0,0,0
Canvas Wall Art,0,0,0,0,0,0,0
Only 8 left in stock. Almost Gone!,1,0,0,0,0,0,0
JFN V Neck Lace Cut-Out Basic T-Shirt/Tee,0,0,0,0,0,0,0
or,0,0,0,0,0,0,0
Short Sleeve Dresses,0,0,0,0,0,0,0
"Limited time only: FREE SHIPPING on all orders, no minimum required!",1,0,0,0,0,0,0
"No thanks, I don't like promotions and exclusive content.",0,0,0,1,0,0,1
Shop All Lehenga Choli,0,0,0,0,0,0,0
Lack Of Color,0,0,0,0,0,0,0
Eye Protection,0,0,0,0,0,0,0
10 Left,1,0,0,0,0,0,0
REPLACE-WITH-DYANMIC-HOST-ID,0,0,0,0,0,0,0
TVs,0,0,0,0,0,0,0
Only 2 left,1,0,0,0,0,0,0
Temporary Tattoos,0,0,0,0,0,0,0
3Days01:49:51 Left,1,0,0,0,0,0,0
Log in / Create an account,0,0,0,0,0,0,0
Your order is reserved for 07:28 minutes!,1,0,0,0,0,0,0
"is full of sorrow and joy that weaves the life stories of its characters, exploring relationships, illness and loss * Manchester Weekly News *",0,0,0,0,0,0,0
OH SO POPULAR! 21 bought in the last 7 days.,1,0,0,0,0,0,0
"No Thanks, I'll Pay Full Price",0,0,0,1,0,0,1
Card Storage,0,0,0,0,0,0,0
2 customers recently bought it,1,0,0,0,0,0,0
Only 1 left in stock,1,0,0,0,0,0,0
Horizon Wide Neck Sweatshirt,0,0,0,0,0,0,0
All Womens Accessories,0,0,0,0,0,0,0
Only 1 left in stock! Get in quick!,1,0,0,0,0,0,0
Strip Softbox,0,0,0,0,0,0,0
You left 2 items in your bag Released in: 29 minutes :07 seconds,1,0,0,0,0,0,0
Your first payment will be due on the day of your purchase.*,0,0,0,0,0,0,0
7 people have it in their cart,1,0,0,0,0,0,0
Pre-order 3 left,1,0,0,0,0,0,0
Offer ends in 15hrs 1min 56sec!,1,0,0,0,0,0,0
"Hurry, this style is selling fast!",1,0,0,0,0,0,0
Glows In The Dark,0,0,0,0,0,0,0
Towel Rails & Racks,0,0,0,0,0,0,0
"When you place healing crystals in a symmetrical fashion and activate it with a crystal wand, the pattern is charged to send messages to the universe. A healing crystal grid uses sophisticated symmetry for manifestation.",0,0,0,0,0,0,0
"Hurry, only 3 left!",1,0,0,0,0,0,0
FREE NECKLACE FOR MOM 01Days 01Hrs 35Mins 02Secs,1,0,0,0,0,0,0
Quick Release,0,0,0,0,0,0,0
Blonde/Bleached Hair: All colors look great. Silver won't be prominent on bleached hair though.,0,0,0,0,0,0,0
"Free Upgrade, Limited Time!\n*DISH Install Not Available*",1,0,0,0,0,0,0
Chatting,0,0,0,0,0,0,0
Specialist Tools,0,0,0,0,0,0,0
Menu Search,0,0,0,0,0,0,0
Fashion Bags,0,0,0,0,0,0,0
"No thanks, I don't like discounts",0,0,0,1,0,0,1
Going Fast: Limited Quantities Left!,1,0,0,0,0,0,0
This is a green tea without the bitterness.,0,0,0,0,0,0,0
Spring Styles,0,0,0,0,0,0,0
Rate & Review,0,0,0,0,0,0,0
"You may cancel your JustFab VIP Membership at any time. There is absolutely no cancellation fee. If you would like to continue receiving selections, then just skip the month by clicking Skip This Month in your Boutique between the 1st and the 5th of the month. You won't be charged and no member credit will be generated for you. If you no longer want to skip the month, then call our Fashion Consultants on 020 36953830 (local rate) Mon-Fri 8:00AM to 8:00PM and Sat-Sun 10:00AM to 6:00PM or cancel your membership via chat.",0,0,0,0,0,1,0
Only 498 left,1,0,0,0,0,0,0
Cooper Remotes,0,0,0,0,0,0,0
Over 38 bought,1,0,0,0,0,0,0
Mitre Saws,0,0,0,0,0,0,0
Christian Dior,0,0,0,0,0,0,0
Share this product,0,0,0,0,0,0,0
Space Heaters & Workshop Heaters,0,0,0,0,0,0,0
Hurry! Only a few of these left,1,0,0,0,0,0,0
Only 2 Left!,1,0,0,0,0,0,0
Animals & Action Figures,0,0,0,0,0,0,0
only 2 left,1,0,0,0,0,0,0
Only 1 Item Left!,1,0,0,0,0,0,0
HAUTELOOK 04:53,1,0,0,0,0,0,0
Only 1 item left,1,0,0,0,0,0,0
WANNA COLLAB?,0,0,0,0,0,0,0
PopTop Refine by Product Type: PopTop,0,0,0,0,0,0,0
* Limited Time Offer *\nFREE\nTLPWR1 Test Leads!,1,0,0,0,0,0,0
Earn FanCash on all purchases!,0,0,0,0,0,0,0
Bob's Outreach,0,0,0,0,0,0,0
Cleaning Brushes & Tools,0,0,0,0,0,0,0
Sunwayfoto,0,0,0,0,0,0,0
85 have it in their cart,1,0,0,0,0,0,0
"If you wish to cancel your subscription, you can email us at getflat@flattummyco.com",0,0,0,0,0,1,0
No thanks. I'd rather pay full price.,0,0,0,1,0,0,1
Only 3 pieces in stock!,1,0,0,0,0,0,0
ONLY 3 LEFT IN STOCK.,1,0,0,0,0,0,0
Free Embroidery Patterns,0,0,0,0,0,0,0
Mixing & Measuring,0,0,0,0,0,0,0
"Members may cancel their Membership at any time during their Membership term and receive a full refund, less any benefits/savings received in their current Membership term (for example, Buyer’s Club Discounts received or free shipping). Refunds for completed years completed will not be made, even if the Member did not use any of the benefits during the Membership term. To cancel your membership, please contact our customer service department by contacting us at 1-800-375-3006.",0,0,0,0,0,1,0
"To qualify, simply verify your status during checkout on the payment step. We verify through ID.me, our trusted technology partner for secure digital identity verification.",0,0,0,0,0,0,0
"no thanks, I'll save money another day",0,0,0,1,0,0,1
"Shopper from Saint John, NB viewed Lenovo ThinkCentre M710t 10M9000RUS Desktop Computer 3 minutes ago!",1,0,0,0,0,0,0
Only 2 Left In Stock,1,0,0,0,0,0,0
Best-Selling Products,0,0,0,0,0,0,0
LIMITED TIME ONLY!,1,0,0,0,0,0,0
Subscribe! Don’t be caught empty handed,0,0,0,0,0,0,0
Add to Cart,0,0,0,0,0,0,0
"Now 30% off - hurry, limited time offer!",1,0,0,0,0,0,0
The requested page could not be found,0,0,0,0,0,0,0
View In Your Room,0,0,0,0,0,0,0
EVO SP All EVO SP parts and accessories,0,0,0,0,0,0,0
Circa Punches,0,0,0,0,0,0,0
Riding Culture Neue Lifestyle-Marke bei motoin,0,0,0,0,0,0,0
Ericdress Long Sleeve Mesh Off Shoulder Summer Dress,0,0,0,0,0,0,0
Green Tea is made up of properties that have been known to increase caloric expenditure as well as the metabolism of fat,0,0,0,0,0,0,0
COLLEGIATE,0,0,0,0,0,0,0
Sparkling Elegance,0,0,0,0,0,0,0
"To add to Wishlist, please register or sign in.",0,0,0,0,0,0,0
HURRY! Only a few left in stock!,1,0,0,0,0,0,0
New In Lunch Boxes,0,0,0,0,0,0,0
Cayman Islands USD,0,0,0,0,0,0,0
"No Thanks, I rather pay full price",0,0,0,1,0,0,1
View All Shoes,0,0,0,0,0,0,0
Someone from Airdrie & 10820 others bought this item recently.,1,0,0,0,0,0,0
Rachel Comey,0,0,0,0,0,0,0
52 people are looking at this right now.,1,0,0,0,0,0,0
1 day 08:15:25,1,0,0,0,0,0,0
"estiven in Deer Park, United States purchased PreWash™ 4 oz",1,0,0,0,0,0,0
Delivery & Offers Terms,0,0,0,0,0,0,0
"Oscar from Cajamarca, Peru purchased",1,0,0,0,0,0,0
New Arrivals,0,0,0,0,0,0,0
Buy Tablets,0,0,0,0,0,0,0
Only 3 Left,1,0,0,0,0,0,0
Present your Fave voucher (it's in the Purchases tab under My Fave) at the outlet.,0,0,0,0,0,0,0
ONLY 1 REMAINING,1,0,0,0,0,0,0
Point & Shoots,0,0,0,0,0,0,0
Already have an account?,0,0,0,0,0,0,0
"Mystic Topaz: Rings, Earrings, Necklaces and Bracelets",0,0,0,0,0,0,0
Necessary Protection..,0,0,0,0,0,0,1
Joybird Design House,0,0,0,0,0,0,0
What is a cookie?,0,0,0,0,0,0,0
Someone in Spain purchased,1,0,0,0,0,0,0
LIMITED QUANTITY,1,0,0,0,0,0,0
View All Tops,0,0,0,0,0,0,0
02:06:40 left to buy,1,0,0,0,0,0,0
Limited Edition Honeycomb Necklace (Bee Inspired) Someone purchased a Limited Edition Honeycomb Necklace (Bee Inspired),1,0,0,0,0,0,0
"NO THANKS, I'll PAY FULL PRICE",0,0,0,1,0,0,1
13 people have added this to their cart,1,0,0,0,0,0,0
Panther Anole,0,0,0,0,0,0,0
Last chance! Only 1 left,1,0,0,0,0,0,0
AccessoriesCar AccessoriesDressesFootwearHome & OfficeJacketsLawn & OutdoorsPantsPolosShirts & SweatersShortsSleepwear & UnderwearSwim CollectionTailgatingSale Items- View All -,0,0,0,0,0,0,0
Pay weekly,0,0,0,0,0,0,0
"YOU MAY CANCEL YOUR WINE CLUB MEMBERSHIP OR ANY HOLIDAY SHIPMENTS AT ANY TIME BY CONTACTING US AT 1-877-975-9463, AND WE WILL PROMPTLY STOP PROCESSING THE RECURRING PAYMENTS.",0,0,0,0,0,1,0
I have green eyes and with these bright green contacts makes my eyes look out of this world amazing. I love them and they have lasted months!!,0,0,0,0,0,0,0
Sale ends soon:,1,0,0,0,0,0,0
Only 16531 items left in stock!,1,0,0,0,0,0,0
Want a special deal? Bundle and SAVE UPTO30%,0,0,0,0,0,0,1
4 people have purchased this item,1,0,0,0,0,0,0
BABY BOYSShoesClothingAccessories,0,0,0,0,0,0,0
NEED ADDITIONAL HELP?,0,0,0,0,0,0,0
"These cookies are necessary for the website to function and cannot be switched off in our system. These cookies are usually only set in response to actions made by you which include a request for services, such as setting your privacy preferences or logging into your account.",0,0,0,0,0,0,0
Only 3 Left!,1,0,0,0,0,0,0
High-Waisted Shorts,0,0,0,0,0,0,0
Sign In / Join,0,0,0,0,0,0,0
We only have few stocks left for this product. Please don't miss the chance.,1,0,0,0,0,0,0
"Click here to use our website with more accessibility support, for example screen readers",0,0,0,0,0,0,0
Your order is reserved for 09:35 minutes!,1,0,0,0,0,0,0
LIMITED TIME ONLY *on select models,1,0,0,0,0,0,0
Mixed Media,0,0,0,0,0,0,0
BE QUICK 00:57:33 DON'T MISS OUT,1,0,0,0,0,0,0
New In,0,0,0,0,0,0,0
Remove selected car filter,0,0,0,0,0,0,0
35% OFF EVERYTHING* EXCL SALE & BEAUTY ENTER: DOLL35 - HURRY! ENDS IN  16H 59M 06S,1,0,0,0,0,0,0
Shipping and Duties,0,0,0,0,0,0,0
Order by these dates to get it by Valentine's Day.*,0,0,0,0,0,0,0
NFL Enterprises LLC. All Rights Reserved.,0,0,0,0,0,0,0
LOGIN/REGISTER,0,0,0,0,0,0,1
00Days17Hours12Mins13Secs,1,0,0,0,0,0,0
Women's Bags,0,0,0,0,0,0,0
"We're sorry, this store is closed.",0,0,0,0,0,0,0
3 people are looking at this item right now,1,0,0,0,0,0,0
"Someone from Menlo Park, California just purchased Electric Skateboard Motor 6374 190KV.",1,0,0,0,0,0,0
"Hurry, Limited Time Offer! 11:25",1,0,0,0,0,0,0
Search Close,0,0,0,0,0,0,0
"touching, funny and romantic",0,0,0,0,0,0,0
"We'd like to keep you informed via email about product updates, upgrades, special offers and pricing. If you do not wish to be contacted via email, please ensure that the box is not checked.",0,0,0,0,0,0,1
Only 2 stock available,1,0,0,0,0,0,0
Hurry! Only 3 Left In Stock.,1,0,0,0,0,0,0
"◊After 1 year, subscription auto renews with fee. Review your iFit® Coach account on a computer, tablet, smartphone, or equipment console.",0,0,0,0,1,0,0
"Sorry, we could not process your request at the moment. Please try again in a few minutes.",0,0,0,0,0,0,0
Jersey GBP,0,0,0,0,0,0,0
My Account,0,0,0,0,0,0,0
"No Thanks, I Don't Want a Discount",0,0,0,1,0,0,1
Hair Grooming Appliances,0,0,0,0,0,0,0
"WOULD YOU LIKE A FREE NEXT DIRECTORY? Explore all the latest collections from your free Next Directory. By opting in to receive the Next Directory you agree that we may send you, at our discretion, further Directories usually in January and July each year, at a charge of £3.75 per publication. You also agree to receive supplementary Directories and ‘New In’ publications at no additional charge.",0,0,0,0,1,0,0
Pedal Refresh Kit - Doubleshot,0,0,0,0,0,0,0
I'd rather pay full price,0,0,0,0,0,0,1
Hurry up! Sales Ends in DAYS HRS MINS SECS by Beeketing,1,0,0,0,0,0,0
Only 8 items left in stock!,1,0,0,0,0,0,0
ONLY 1 LEFT IN STOCK!,1,0,0,0,0,0,0
Subscribe & Save (15%): $ 16.99,0,0,0,0,0,0,1
Shop Plus Shorts by Pattern,0,0,0,0,0,0,0
Dry Direct Incontinence Personal Care Daily Living Safety Bedroom Nutrition Mobility Lift Aids Medical Supplies Plus Size,0,0,0,0,0,0,0
Clarity Remotes,0,0,0,0,0,0,0
Summary,0,0,0,0,0,0,0
Limited Edition Colors,0,0,0,0,0,0,0
"For instance, we use cookies allowing us to remember information provided by the users from a page to another, choices made by users and information provided by users (name, language preference, country of residence…). In particular, we use the following functional cookies:",0,0,0,0,0,0,0
FRAMON #2 Code Machine Offer - Limited time offer!,1,0,0,0,0,0,0
Jewelry and Watches,0,0,0,0,0,0,0
Limited stock!,1,0,0,0,0,0,0
Hurry! Only 2 left in stock!,1,0,0,0,0,0,0
*,0,0,0,0,0,0,0
SLEEP EVENT OFFERS - LIMITED TIME ONLY,1,0,0,0,0,0,0
This chart should be used as a guide only. Due to each manufacturer’s size scale inconsistencies may occur.,0,0,0,0,0,0,0
Only 1 left in Stock!,1,0,0,0,0,0,0
Competitions,0,0,0,0,0,0,0
Shop All Men's Boots,0,0,0,0,0,0,0
Expand My eBay,0,0,0,0,0,0,0
"Oliver in Rotterdam, Netherlands purchased a England Away Soccer Shorts 2018 About 9 hours ago",1,0,0,0,0,0,0
"Jumpers, Shirts & T-Shirts",0,0,0,0,0,0,0
Media Players,0,0,0,0,0,0,0
Only 3 left In Stock,1,0,0,0,0,0,0
Father's Day Gifts,0,0,0,0,0,0,0
Enjoy FREE shipping with WSJwine Advantage,0,0,0,0,1,0,0
only 2 left!,1,0,0,0,0,0,0
Only 1 in stock,1,0,0,0,0,0,0
Only 8 item(s) left.,1,0,0,0,0,0,0
Spring Sale Extended,1,0,0,0,0,0,0
"No, I don't want a discount",0,0,0,1,0,0,1
"No thanks, I don't want the free gift.",0,0,0,1,0,0,1
Extra Soft Cleansing Wipes,0,0,0,0,0,0,0
Men's Accessories,0,0,0,0,0,0,0
jennifer just bought Rainbow Moonstone Healing Heartabout 6 hours ago,1,0,0,0,0,0,0
SAVE $300.00\nfor limited time,1,0,0,0,0,0,0
Enter Catalog/Email Code,0,0,0,0,0,0,0
"[NO THANKS, I'LL JUST WALK]",0,0,0,1,0,0,1
Yaris Remotes,0,0,0,0,0,0,0
Currently 8 left in stock.,1,0,0,0,0,0,0
"NO, I DON'T FEEL LUCKY",0,0,0,0,0,0,1
Currently less than 10 available,1,0,0,0,0,0,0
Ends Sunday! $200 off any mattress . free shipping & free returns!,1,0,0,0,0,0,0
Stay on Next.co.uk,0,0,0,0,0,0,0
Only 8 left!,1,0,0,0,0,0,0
Only 1 items left in stock!,1,0,0,0,0,0,0
___,0,0,0,0,0,0,0
View All Home Accessories,0,0,0,0,0,0,0
"Healing Crystals are natural beings just like the trees, mountain or flowers. The result of diverse chemical reactions inside the earth over a millennium, gemstones are a true wonder of nature. When you touch a healing crystal, there is a transfer of heat and energy that leads to activation of chakra points. These therapeutic powers noticed in the presence of gemstones are the reason they are called healing crystals. With some crystals as old as the earth, there is immense wisdom in crystal use.",0,0,0,0,0,0,0
How to cast on,0,0,0,0,0,0,0
Tree Frog Terrariums,0,0,0,0,0,0,0
9 people are currently viewing this product,1,0,0,0,0,0,0
ONLY 1 WATCH LEFT,1,0,0,0,0,0,0
2+ people just viewed this product,1,0,0,0,0,0,0
94% offers claimed. Hurry up!,1,0,0,0,0,0,0
I'D RATHER PAY FULL PRICE,0,0,0,0,0,0,1
KidsAuthentic,0,0,0,0,0,0,0
*** Get 50% Off Your 2nd Case OR a Canopy Screen Protector *** A 50% OFF discount will be automatically applied to the lowest priced item in your cart when you check out with more than one item! (excludes Clearance items) Click to Choose Another Item,0,0,0,0,0,0,1
Country (Optional),0,0,0,0,0,0,0
Hair treatments,0,0,0,0,0,0,0
Product Recycling,0,0,0,0,0,0,0
Purchase protection added,0,0,0,0,1,0,0
Only 6 items left,1,0,0,0,0,0,0
39 people have this in their cart,1,0,0,0,0,0,0
Sunflower,0,0,0,0,0,0,0
23% left in stock!,1,0,0,0,0,0,0
Gold Collection,0,0,0,0,0,0,0
In Stock. Only 1 Left!,1,0,0,0,0,0,0
Status:Only 3 left in stock,1,0,0,0,0,0,0
No thanks - I don't want to save money,0,0,0,1,0,0,1
Amazing service and quality! Lee up the excellent work.,0,0,0,0,0,0,0
Today's sale ends in: 00hours:57min:19sec,1,0,0,0,0,0,0
ONLY 7 LEFT!,1,0,0,0,0,0,0
"Business, Office & Industrial",0,0,0,0,0,0,0
My Story,0,0,0,0,0,0,0
8 people are looking at this artwork,1,0,0,0,0,0,0
Coffee,0,0,0,0,0,0,0
Add on something to make it extra special!,0,0,0,0,0,0,1
Take time to pay.,0,0,0,0,0,0,0
OFFER ENDS 00:54:59,1,0,0,0,0,0,0
Other Items On Special Offer:,0,0,0,0,0,0,1
"You may change the items in your order, or cancel the Smartship at anytime, up until 3 days prior to the scheduled ship date of your Smartship by calling Customer Service at 1-800-518-0284.",0,0,0,0,0,1,0
LIMITED TIME SALE,1,0,0,0,0,0,0
"NO THANKS, I DON'T WANT TO SAVE",0,0,0,1,0,0,1
Authenticity Guaranteed,0,0,0,0,0,0,0
GeekVape Pursue a Healthy Vaping Experience,0,0,0,0,0,0,0
320 items left,1,0,0,0,0,0,0
HURRY! 3 left in stock!,1,0,0,0,0,0,0
Nectar,0,0,0,0,0,0,0
My Project Lists,0,0,0,0,0,0,0
Adjustable Cuffs With Inner Knitted Cuff,0,0,0,0,0,0,0
Tribeca Remotes,0,0,0,0,0,0,0
Brand,0,0,0,0,0,0,0
I would like to join Backstage Pass & agree to the Terms & Conditions & to receive emails & other promotional offers.,0,0,0,0,0,1,0
"The Dry Direct Ultimate is a great product, the best we have found. Customer service is very efficient, and deliveries have always been on time. We are very satisfied with Parentgiving in all aspects.",0,0,0,0,0,0,0
(ONLY 1 LEFT IN THIS SIZE!),1,0,0,0,0,0,0
Only 65 Items Left.,1,0,0,0,0,0,0
Only 3 left in stock.,1,0,0,0,0,0,0
I Don't Like to Save Money,0,0,0,0,0,0,1
"In Stock, Only 1 Left!",1,0,0,0,0,0,0
Really good quality contacts and they work well on my eyes. Would definitely order again!!!!,0,0,0,0,0,0,0
Explosive Offers! 80% Off Everything 07:25:41,1,0,0,0,0,0,0
Warne Mounts,0,0,0,0,0,0,0
Report a Fake Product,0,0,0,0,0,0,0
Shop All NFL,0,0,0,0,0,0,0
Tapestry Guide,0,0,0,0,0,0,0
Only 4 left,1,0,0,0,0,0,0
I absolutely loved it! It made everyone laugh and my desk gets an obscene amount of compliments for it. The quality is superb! I am now definitely going to be a loyal shopper at PosterGully,0,0,0,0,0,0,0
Decades Shop,0,0,0,0,0,0,0
I'LL PAY FULL PRICE,0,0,0,0,0,0,1
gifts for wife,0,0,0,0,0,0,0
Hurry only 1 left!,1,0,0,0,0,0,0
Only 8 item(s) left,1,0,0,0,0,0,0
"No thanks, I’d rather not win.",0,0,0,1,0,0,1
"LOW IN STOCK, only 2 left",1,0,0,0,0,0,0
74% offers claimed. Hurry up!,1,0,0,0,0,0,0
Color Block,0,0,0,0,0,0,0
I'd rather not save,0,0,0,0,0,0,1
Only 2 left in stock!,1,0,0,0,0,0,0
You have no items in your basket.,0,0,0,0,0,0,0
"no thanks, I hate fun & games",0,0,0,1,0,0,1
00 Days 02 Hrs 26 Mins 12 Sec Sale Ends Once The Timer Hits Zero!,1,0,0,0,0,0,0
Soft Flexible (Classic),0,0,0,0,0,0,0
Glasses and Goggles,0,0,0,0,0,0,0
Zero Gravity Lift Chairs,0,0,0,0,0,0,0
"Bobby in Decatur, United States just purchased",1,0,0,0,0,0,0
"tuvia eisenberg Systematics in Tel Aviv, Israel purchased a",1,0,0,0,0,0,0
Your Cart Will Expire In 09:58 minutes!Please note that these items may not be available again if you release them.,1,0,0,0,0,0,0
All Cross Stitch Patterns,0,0,0,0,0,0,0
Year of Ours,0,0,0,0,0,0,0
Gear Up,0,0,0,0,0,0,0
"Weight Management Shakes help cut cals, control appetite, and drop LBS.* Learn more about Weight Management Shakes.",0,0,0,0,0,0,0
Tretorn,0,0,0,0,0,0,0
Loyalty Points,0,0,0,0,0,0,0
How to Recycle,0,0,0,0,0,0,0
Color Yellow Smoke Blue Pink Orange,0,0,0,0,0,0,0
SAVE 10% On All Orders. No Voucher Code Needed Expires in 18:07:59.,1,0,0,0,0,0,0
Art & Crafting Tools,0,0,0,0,0,0,0
One customer bought this article in the last 53 min.,1,0,0,0,0,0,0
Highlight Hover,0,0,0,0,0,0,0
Disposable Washcloths,0,0,0,0,0,0,0
Accuscreens,0,0,0,0,0,0,0
Jumpers + Sweaters,0,0,0,0,0,0,0
Contact Lens Washer,0,0,0,0,0,0,0
Only 9 Left!,1,0,0,0,0,0,0
Hurry! Only 2 left!,1,0,0,0,0,0,0
2 people are looking at this listing now,1,0,0,0,0,0,0
Every Purchase Helps Your NRA:,0,0,0,0,0,0,0
1 left at this price,1,0,0,0,0,0,0
BACK TO TOP,0,0,0,0,0,0,0
ONLY 12.5M LEFT IN STOCK!,1,0,0,0,0,0,0
Protect Your Gear,0,0,0,0,0,0,1
Outdoor Recreation,0,0,0,0,0,0,0
Allow All,0,0,0,0,0,0,0
We are currently accepting and processing orders from following:,0,0,0,0,0,0,0
What could have caused this?,0,0,0,0,0,0,0
210+ bought,1,0,0,0,0,0,0
"No thanks, I'm not interested in saving money.",0,0,0,1,0,0,1
SHIPPING INFO,0,0,0,0,0,0,0
"Plus, get free shipping on your first order!",0,0,0,0,0,0,0
BMW Remotes,0,0,0,0,0,0,0
All You™,0,0,0,0,0,0,0
Someone in Mount Louisa bought a Coleman Folding Table & Bench Set 2 minutes ago,1,0,0,0,0,0,0
Summer Casual Printed Short Sleeve T-Shirt,0,0,0,0,0,0,0
Join NRA or Renew,0,0,0,0,0,0,0
Don't forget the essentials Get up to 2 years of accidental damage coverage with AppleCare+.,0,0,0,0,0,0,1
Know exactly what’s going on at home and be alerted of emergencies in real time.,0,0,0,0,0,0,0
Become an Affiliate,0,0,0,0,0,0,0
Competitor Price: $172.00,0,0,0,0,0,0,1
"No thanks, I'd rather pay more",0,0,0,1,0,0,1
6 items left! Order soon.,1,0,0,0,0,0,0
Sports,0,0,0,0,0,0,0
ONLY 20 LEFT IN STOCK,1,0,0,0,0,0,0
Immunity & Well BeingLean Muscle MassWeight LossBulk GainStress & Relaxation,0,0,0,0,0,0,0
By Brand All Men's Brands,0,0,0,0,0,0,0
Customer Feedback,0,0,0,0,0,0,0
Read the FAQ,0,0,0,0,0,0,0
ONLY 1 LEFT,1,0,0,0,0,0,0
"No thanks, I don't want 15% off",0,0,0,1,0,0,1
"The presence of flowers is enough to make any occasion or moment truly a memorable affair. Flowers can make an ordinary room extremely beautiful. Flowers are widely used in decorations, as gifts, or even as ornaments on various dresses. People can explore a variety of fresh vibrant flowers such as roses, tulips, orchids, carnations, sunflowers, chrysanthemums and a lot more through the help of our online gifting store. All these beautiful flowers will be delivered at your desired destination in blooming condition only. With an unmatched beauty and fragrance, these gorgeous and lovely flowers can easily mesmerise any individual in an effortless manner.",0,0,0,0,0,0,0
"Ashley in Auburn, United States purchased a Check Plz iPhone X/Xs Case about 24 minutes ago",1,0,0,0,0,0,0
99 people are looking at this right now,1,0,0,0,0,0,0
"Someone from South Gate, California just purchased the Admiral JR / Spektrum Servo Connector Plug Set (Male and Female - 2 Pairs)",1,0,0,0,0,0,0
Medium GreyLogan T-Shirt Jersey Comforter and Sham Set,0,0,0,0,0,0,0
All Birthday Gifts,0,0,0,0,0,0,0
Rainbow Li,0,0,0,0,0,0,0
• Recommended to be used with Downy for better long lasting freshness,0,0,0,0,0,0,0
cookie host,0,0,0,0,0,0,0
Only 4 left!,1,0,0,0,0,0,0
Almost Sold Out! Only 2 Left.,1,0,0,0,0,0,0
Pay With:,0,0,0,0,0,0,0
Days left until the offer ends: 00 Days 04:43:35,1,0,0,0,0,0,0
Data Processor Privacy Policy: https://videoly.co/privacy-policy,0,0,0,0,0,0,0
School Shoes,0,0,0,0,0,0,0
V-neck Casual Loose Embroidered Short Sleeve Blouse,0,0,0,0,0,0,0
Spin to unlock your mystery offer,0,0,0,0,0,0,1
Only 2 items left in stock.,1,0,0,0,0,0,0
104 people viewed this product recently!,1,0,0,0,0,0,0
Material: Made with Cordura fabric,0,0,0,0,0,0,0
"Armin Dinovic bought 10M Runescape 3 Gold Order total: 3,70€ About 10 seconds ago",1,0,0,0,0,0,0
Recent searches,0,0,0,0,0,0,0
"Gorgeous, lasting high-quality hair color—crafted in Italy.",0,0,0,0,0,0,0
Only A Few Left,1,0,0,0,0,0,0
Apple iPhone X »,0,0,0,0,0,0,0
Rebecca in Buffalo just bought Sateen Twill Swatchabout 1 hour ago,1,0,0,0,0,0,0
Certified Face Masks,0,0,0,0,0,0,0
Price Low To High,0,0,0,0,0,0,0
1 in stock,1,0,0,0,0,0,0
"Leah Rich in Louisville, United States purchased a",1,0,0,0,0,0,0
Home + Tech Almost Gone,0,0,0,0,0,0,0
SAVE TODAY: Save 20% on lighting by Le Klint. Limited time only.,1,0,0,0,0,0,0
Only 3 Left! Get it before it`s gone!,1,0,0,0,0,0,0
"No thanks, I'll be the last to know.",0,0,0,1,0,0,1
Hurry Up ! Just 2 Items Left in stock,1,0,0,0,0,0,0
Toe Ring,0,0,0,0,0,0,0
Women's Acid Wash Scoopneck Sweater,0,0,0,0,0,0,0
62 people have looked at this item in the last few hours.,1,0,0,0,0,0,0
Boys Grey School Uniforms,0,0,0,0,0,0,0
8 customers have bought today,1,0,0,0,0,0,0
My Reviews,0,0,0,0,0,0,0
Last 1 in stock,1,0,0,0,0,0,0
Skin Concerns,0,0,0,0,0,0,0
Only 1 left!,1,0,0,0,0,0,0
Only a few left,1,0,0,0,0,0,0
Romper Swimwear,0,0,0,0,0,0,0
View All Mattress Accessories,0,0,0,0,0,0,0
The page you were looking for doesn't exist.,0,0,0,0,0,0,0
A very fun outfit for a less formal event like a sangeet! Husband said the bell bottom type pants were fun to dance in :),0,0,0,0,0,0,0
Chair Accessories,0,0,0,0,0,0,0
"No Thanks, I'll let this offer sail away",0,0,0,1,0,0,1
Stay in the Know,0,0,0,0,0,0,0
V-neck Casual Loose Vintage Print Short Sleeve T-shirt,0,0,0,0,0,0,0
Limited stock available,1,0,0,0,0,0,0
Thank you for posting a question!,0,0,0,0,0,0,0
Installation InstructionsPolicies & Terms of UseFinancingSite Map,0,0,0,0,0,0,0
Golf Shop,0,0,0,0,0,0,0
Plastic,0,0,0,0,0,0,0
Synthesis XCT Alloy Front Wheel,0,0,0,0,0,0,0
Hugs and Kisses Rose Bouquet $44.99 Discount -$6.75 Delivery $13.99 Tax $3.46 Item Total $55.69,0,0,0,0,1,0,0
Shop Tops by Pattern,0,0,0,0,0,0,0
Striped Tops,0,0,0,0,0,0,0
My AccountSign-in to your account,0,0,0,0,0,0,0
"Due To HIGH Demand, Cart Expires In: 08:41",1,0,0,0,0,0,0
ONLY 3 LEFT! GET IT NOW!,1,0,0,0,0,0,0
5 people are looking at this product right now,1,0,0,0,0,0,0
Get The Look The Full Story Shop Now Read More,0,0,0,0,0,0,0
Don’t worry. We’ve got your back.,0,0,0,0,0,0,0
Hurry up! Discount Ends in DAYS HRS MINS SECS,1,0,0,0,0,0,0
Extremely high demand: expect 2-4 weeks for it to arrive (to be safe). Limit 4 per person!,1,0,0,0,0,0,0
C.P. Company,0,0,0,0,0,0,0
In other users' carts 59,1,0,0,0,0,0,0
Nicholas Kirkwood,0,0,0,0,0,0,0
Aids mental processing†,0,0,0,0,0,0,0
"Awhi from Hicks Bay, Gisborne, New Zealand just bought",1,0,0,0,0,0,0
Crossbody & Belt Bags,0,0,0,0,0,0,0
clear text,0,0,0,0,0,0,0
24 people currently interested,1,0,0,0,0,0,0
Worldwide,0,0,0,0,0,0,0
"IF YOU PARTICIPATE IN AN AUTOMATIC RENEWAL SUBSCRIPTION AND YOU HAVE PROVIDED US WITH A VALID CREDIT CARD NUMBER OR AN ALTERNATE PAYMENT METHOD, EACH SHIPMENT WILL BE AUTOMATICALLY PROCESSED AT THE TIME OF EACH SHIPMENT OR INSTALLMENT AND WILL BE BILLED TO THE PAYMENT METHOD YOU PROVIDED TO US AT THE TIME OF YOUR INITIAL PURCHASE AND AGREEMENT TO PARTICIPATE IN THE PROGRAM. IF YOU WISH TO CANCEL YOUR PARTICIPATION IN AN AUTOMATIC RENEWAL SUBSCRIPTION, YOU MAY DO SO AT ANY TIME BY CONTACTING A CUSTOMER CARE PROFESSIONAL AT THE CONTACT INFORMATION PROVIDED ON THE WEBSITE.",0,0,0,0,0,1,0
AboutOur StoryOur MissionOur ProductsIn the News,0,0,0,0,0,0,0
5 Viewing This Product,1,0,0,0,0,0,0
23 People viewing this product,1,0,0,0,0,0,0
Activate within 0:30:00,1,0,0,0,0,0,0
Concrete Tools,0,0,0,0,0,0,0
Transmission and Driveline,0,0,0,0,0,0,0
"James in Cashion, Oklahoma just bought Glossy Black Brick Geode / Amber Gradient Fast Lanes",1,0,0,0,0,0,0
Fast Mover: 35 PEOPLE added this to cart today!,1,0,0,0,0,0,0
"Metal - Brass , hollow from inside",0,0,0,0,0,0,0
"No thank you, I prefer to pay full price",0,0,0,0,0,0,1
to read up about,0,0,0,0,0,0,0
• State-by-State Restrictions,0,0,0,0,0,0,0
DON'T LET 'EM GET AWAY Several people have recently viewed this item.,1,0,0,0,0,0,0
No thanks. I prefer paying full price.,0,0,0,1,0,0,1
"Crystal Li in Flushing, United States purchased a",1,0,0,0,0,0,0
Only 5 Left in Stock. Buy Soon!,1,0,0,0,0,0,0
PG Picks: Skin Care for Incontinence,0,0,0,0,0,0,0
"Carl F. from Fort Ann, NY bought a King",1,0,0,0,0,0,0
137 users are currently active on our website,1,0,0,0,0,0,0
Reloading Tools,0,0,0,0,0,0,0
"Edwin in Woodland Park, NJ just bought",1,0,0,0,0,0,0
Returns / Warranty,0,0,0,0,0,0,0
83% offers claimed. Hurry up!,1,0,0,0,0,0,0
Loading,0,0,0,0,0,0,0
Institute for Legislative Action,0,0,0,0,0,0,0
Clearance! Only 4 left in stock.,1,0,0,0,0,0,0
"from Korea, South",0,0,0,0,0,0,0
"Jeremy in Stockton, United States purchased a",1,0,0,0,0,0,0
Only 4 Left!,1,0,0,0,0,0,0
Alchemy Books,0,0,0,0,0,0,0
"When you visit any website, it may store or retrieve information on your browser, mostly in the form of cookies. This information might be about you, your preferences or your device and is mostly used to make the site work as you expect it to. The information does not usually directly identify you, but it can give you a more personalized web experience. Because we respect your right to privacy, you can choose not to allow some types of cookies. Click on the different category headings to find out more and change our default settings. However, blocking some types of cookies may impact your experience of the site and the services we are able to offer.",0,0,0,0,0,0,0
Only 1 products left,1,0,0,0,0,0,0
1 left in stock,1,0,0,0,0,0,0
🔥 9 people are viewing this.,1,0,0,0,0,0,0
715 people have added this item to cart,1,0,0,0,0,0,0
Black / White Refine by Color: Black / White,0,0,0,0,0,0,0
Call It Spring,0,0,0,0,0,0,0
Bathroom Basins,0,0,0,0,0,0,0
Infrared Night Vision,0,0,0,0,0,0,0
Download mobile app,0,0,0,0,0,0,0
Write a reviewAsk a question,0,0,0,0,0,0,0
00DAYS02HRS14MINS1211SEC,1,0,0,0,0,0,0
RegionBracket Right,0,0,0,0,0,0,0
Boxster Remotes,0,0,0,0,0,0,0
24 people have purchased this wine today,1,0,0,0,0,0,0
Rare Book Conditions,0,0,0,0,0,0,0
Hurry! Less than 10 left!,1,0,0,0,0,0,0
"I DON'T LIKE FREE GIFTS, NO THANKS",0,0,0,1,0,0,1
We don't give out your details to third parties.,0,0,0,0,0,0,0
Short Sleeve T-Shirts,0,0,0,0,0,0,0
ONLY 13 LEFT,1,0,0,0,0,0,0
Someone in Yanchep bought a 52mm Mechanical 'Performance' Boost Gauge - Blue/White 9 seconds ago,1,0,0,0,0,0,0
Tires,0,0,0,0,0,0,0
Someone in Egypt bought,1,0,0,0,0,0,0
"mark in richmond hill, United States purchased a Fugoo Tough 11 minutes ago",1,0,0,0,0,0,0
Bearded Dragon Substrates,0,0,0,0,0,0,0
Toddler Girl Jumpsuits and Rompers,0,0,0,0,0,0,0
Enable cookies to use the shopping cart,0,0,0,0,0,0,0
Women's Go-Tos,0,0,0,0,0,0,0
"This genuine Spanish espadrille impressed our buyers so much they ordered them in a variety of gorgeous colours. With its uncomplicated design, plush leather sole and a practical platform wedge, you'll have a hard time getting through the warmer months without them. They're perfect for the beach, casual weekend barbeques or brunch with the girls.",0,0,0,0,0,0,0
HURRY! DON'T MISS THIS DEAL! DAYS 0 1 HRS 1 2 MINS 3 1 SECONDS,1,0,0,0,0,0,0
"No, I'd rather pay full price.",0,0,0,0,0,0,1
Shopping with JD,0,0,0,0,0,0,0
All Brands A-Z,0,0,0,0,0,0,0
Light Blue Regular Fit Single Cuff Easy Care Shirt,0,0,0,0,0,0,0
Crop Tops,0,0,0,0,0,0,0
Photography Projector,0,0,0,0,0,0,0
Salt Bender Tank and Shorts Combo,0,0,0,0,0,0,0
Diamond Nose Studs,0,0,0,0,0,0,0
Military Discount,0,0,0,0,0,0,0
"Customize your phone with hundreds of grips, cases, wallets, and more.",0,0,0,0,0,0,0
5338 people viewed this in the last hour,1,0,0,0,0,0,0
Only 1 item left in stock,1,0,0,0,0,0,0
Add to Wish List Add to Compare,0,0,0,0,0,0,0
"No Thanks, I don't want a discount",0,0,0,1,0,0,1
Availability: In Stock Hurry! Only 8 Left!,1,0,0,0,0,0,0
Italy € EUR,0,0,0,0,0,0,0
Politics And Legislation,0,0,0,0,0,0,0
Fewer than 5 left!,1,0,0,0,0,0,0
Gift Cards Collection,0,0,0,0,0,0,0
"No Thanks, I prefer paying full price.",0,0,0,1,0,0,1
We guarantee to match a lower online price.,0,0,0,0,0,0,0
"Hurry, before it is gone! Limited time remaining!",1,0,0,0,0,0,0
"Keith in Champaign, Illinois bought Mini USB Audio Cassette to MP3 Converterabout 56 minutes ago",1,0,0,0,0,0,0
Select your size below and we'll email you if it comes back in stock!,0,0,0,0,0,0,0
Only 867 left,1,0,0,0,0,0,0
About Cheryl's Business Gifts,0,0,0,0,0,0,0
Only 2 units left in stock,1,0,0,0,0,0,0
You can either livechat or email our support team with any questions or concerns. We are always ready to help.,0,0,0,0,0,0,0
Only one item left in stock!,1,0,0,0,0,0,0
Synthesis E-MTB Alloy Rear Wheel,0,0,0,0,0,0,0
LIMITED TIME DEAL!,1,0,0,0,0,0,0
Only 3 available,1,0,0,0,0,0,0
Only 1 left in online stock,1,0,0,0,0,0,0
Great for shine,0,0,0,0,0,0,0
Learn More,0,0,0,0,0,0,0
"Paper, Pads & Blocks Toggle category Paper, Pads & Blocks",0,0,0,0,0,0,0
Hurry! Almost Sold Out...,1,0,0,0,0,0,0
.,0,0,0,0,0,0,0
Only 2 copies left,1,0,0,0,0,0,0
Christmas Craft Ideas,0,0,0,0,0,0,0
Limited Quantity Available,1,0,0,0,0,0,0
"No Thanks, I Don't Like Exclusive Offers.",0,0,0,1,0,0,1
"Trey in Sparta, United States purchased Stealth Angel Ultra Lightweight & Portable Sleeping Bag about 45 minutes ago",1,0,0,0,0,0,0
2 items left,1,0,0,0,0,0,0
PomeloFashion born in AsiaOn trend. Online. On the go.,0,0,0,0,0,0,0
"Available, only 2 left",1,0,0,0,0,0,0
"Someone in San diego, United States just bought Gemfield Watch 15 days ago",1,0,0,0,0,0,0
Cowgirls,0,0,0,0,0,0,0
Rs INR,0,0,0,0,0,0,0
- +,0,0,0,0,0,0,0
If I emailed you how much I love each jersey you’d have an essay coming your way!,0,0,0,0,0,0,0
Shirts & Blouses,0,0,0,0,0,0,0
JFN Ladies Flat Embroidered Slip-On Dirty Shoes Vintage Thong Sandals,0,0,0,0,0,0,0
New in,0,0,0,0,0,0,0
"There is no commitment and no minimum to buy. Please note exact shipment times may vary. To customize this program or future shipments, call customer service anytime at 1-800-THICKEN (844-2536).",0,0,0,0,0,1,0
About Bob's,0,0,0,0,0,0,0
22 people have looked at this part recently,1,0,0,0,0,0,0
Limited Time!,1,0,0,0,0,0,0
4 sold in last 5 hours,1,0,0,0,0,0,0
Collin P. from Grandview Missouri just bought BURGUNDY TWO BUTTON SUIT ABOUT 5 SECONDS AGO,1,0,0,0,0,0,0
Your order is reserved for 08:53 minutes!,1,0,0,0,0,0,0
Rudraksha Recommendations,0,0,0,0,0,0,0
OFFER ENDS: 09h: 09m: 55s: 0,1,0,0,0,0,0,0
Added to Favorites,0,0,0,0,0,0,0
"Kamal in Lathrop, United States purchased a Father Sons Super Slim Stretch Feather Print Long Sleeve - FS429 4 hours ago",1,0,0,0,0,0,0
Brown Dresses,0,0,0,0,0,0,0
Someone in city just added Radiance - Nebulizing Diffuser® to their cart,1,0,0,0,0,0,0
"They look really good with my brown eyes, and they look pretty natural.",0,0,0,0,0,0,0
Data Processor Privacy Policy: https://www.appnexus.com/corporate-privacy-policy,0,0,0,0,0,0,0
Hurry! Only 1 Pair left!,1,0,0,0,0,0,0
Plus Size Graphic Tops,0,0,0,0,0,0,0
Protection Filters,0,0,0,0,0,0,0
Flash Sale - Almost Over! 00 HOURS : 55 1001 MINUTES : 0550 8778 SECONDS,1,0,0,0,0,0,0
Interactive Tent Finder,0,0,0,0,0,0,0
Cart will expire in 04:53 minutes!,1,0,0,0,0,0,0
✕,0,0,0,0,0,0,0
"Hurry, Only 4 Left In Stock. Buy Now!",1,0,0,0,0,0,0
take me back to shopping,0,0,0,0,0,0,0
Only 7 left,1,0,0,0,0,0,0
89% offers claimed. Hurry up!,1,0,0,0,0,0,0
"No thanks, I hate cool stuff",0,0,0,1,0,0,1
Cheryl in Ontario bought 100% Organic Reishi Mushroom Powder 100g about 16 minutes ago,1,0,0,0,0,0,0
20 units left,1,0,0,0,0,0,0
High demand,1,0,0,0,0,0,0
3642 BOUGHT,1,0,0,0,0,0,0
5 in stock,1,0,0,0,0,0,0
"Nancy in Pennsylvania purchased 24"" Italian Sterling Silver Milano Twist Adjustable Chain",1,0,0,0,0,0,0
Solar Powered Paw Print Ground Light,0,0,0,0,0,0,0
Only 1 left,1,0,0,0,0,0,0
Candy Melts,0,0,0,0,0,0,0
Romantic Ball Gown Tulle Spaghetti Sleeveless Tier Flower Dirl Dress,0,0,0,0,0,0,0
"Abbie in Calwell, Australia purchased Shark Bite Socks about 1 hour ago",1,0,0,0,0,0,0
Last purchase was 18 minutes ago by someone from Dublin,1,0,0,0,0,0,0
7 users have looked at this product in the past 6 minutes,1,0,0,0,0,0,0
Crystal Shivlingas,0,0,0,0,0,0,0
Facebook icon,0,0,0,0,0,0,0
Midleton Very Rare,0,0,0,0,0,0,0
Pillow & Foam Bed Wedges,0,0,0,0,0,0,0
"Happiness is to hold flowers in both hands. Furthermore, flowers make for an integral part of all occasions and celebrations........ Read More...",0,0,0,0,0,0,0
Contact Support,0,0,0,0,0,0,0
Only 7 in Stock!,1,0,0,0,0,0,0
Use the left and right arrow keys to navigate the Menu. Use the enter key to activate the submenu on a navigation item. Use escape key to close the submenu.,0,0,0,0,0,0,0
Score! You've Qualified for a Checkout Bonus,0,0,0,0,0,0,1
"Someone in Cashmere bought a 
RCM Cosworth Timing Belt Kit 99-02MY EJ20/22/251 hour ago",1,0,0,0,0,0,0
"No thanks, I don't like FREE stuff.",0,0,0,1,0,0,1
"No thanks, I just want the item",0,0,0,1,0,0,1
ONLY 1 LEFT IN STOCK,1,0,0,0,0,0,0
Trending now! Added to basket 38 times today,1,0,0,0,0,0,0
Love the way you pay,0,0,0,0,0,0,0
Homeware Trends,0,0,0,0,0,0,0
Victoria Victoria Beckham,0,0,0,0,0,0,0
"In stock, only 1 products left",1,0,0,0,0,0,0
LAST 1 LEFT,1,0,0,0,0,0,0
Rain Boots,0,0,0,0,0,0,0
only 2 left in stock,1,0,0,0,0,0,0
"No thanks, I don't like deals.",0,0,0,1,0,0,1
Exterior Accessories,0,0,0,0,0,0,0
"Size low on stock, only 1 item left",1,0,0,0,0,0,0
Strength & Functional Training,0,0,0,0,0,0,0
8 people have this in their bag right now.,1,0,0,0,0,0,0
Motion Control System,0,0,0,0,0,0,0
11 people viewed this today!,1,0,0,0,0,0,0
View All Home Accents,0,0,0,0,0,0,0
SUBSCRIPTION SUCCESSFUL. THANK YOU!,0,0,0,0,0,0,0
Lawn Mowers,0,0,0,0,0,0,0
Sale Clothing,0,0,0,0,0,0,0
Fashion Floral Short Sleeve Dress,0,0,0,0,0,0,0
How about one of these hot sellers?,0,0,0,0,0,0,1
Only 3 left,1,0,0,0,0,0,0
"Now 20% off, hurry limited time offer!",1,0,0,0,0,0,0
Boys Red School Uniforms,0,0,0,0,0,0,0
"No thanks, I don't want a free gift.",0,0,0,1,0,0,1
"Hurry! Sale Ends In:

02:59:50",1,0,0,0,0,0,0
info@chainedandable.com,0,0,0,0,0,0,0
"NO, I'D RATHER PAY FULL PRICE",0,0,0,0,0,0,1
activate within 10:00,1,0,0,0,0,0,0
There is only one product left!,1,0,0,0,0,0,0
00DAYS00HOURS47MINUTES36SECONDS SALE ENDS ONCE COUNTER HITS ZERO,1,0,0,0,0,0,0
SAA Standard Membership - Credit/Debit Card - Automatic Annual Fee,0,0,0,0,0,0,0
Laundry & Cleaning,0,0,0,0,0,0,0
"Only 3 left, order soon",1,0,0,0,0,0,0
Entertainment Centers & TV Stands,0,0,0,0,0,0,0
"No, I don't feel lucky",0,0,0,0,0,0,1
STAY IN THE LOOP!,0,0,0,0,0,0,0
1 left in stock. Hurry!,1,0,0,0,0,0,0
Blue Raspberry,0,0,0,0,0,0,0
Your cart is reserved for 09:35 minutes.,1,0,0,0,0,0,0
LIMITED TIME ONLY: FREE SHIPPING TO SELECT COUNTRIES ON ORDERS OVER $100!,1,0,0,0,0,0,0
ONLY A FEW LEFT!,1,0,0,0,0,0,0
"No thanks, I like full price",0,0,0,1,0,0,1
HIGH DEMAND,1,0,0,0,0,0,0
JFN Crew Neck Floral Vacation T-Shirt/Tee,0,0,0,0,0,0,0
ONLY A FEW LEFT,1,0,0,0,0,0,0
Indoor Festive Lights,0,0,0,0,0,0,0
"EastwoodModern, sleek and enchanting, the Eastwood Collection provides comfortable seating while still looking mid-century magnificent.",0,0,0,0,0,0,0
Synthesis Alloy Collection,0,0,0,0,0,0,0
MOST POPULAR,1,0,0,0,0,0,0
"We'd like to send you weekly emails packed full of our lovely products, clearance goodies and cool stuff to win. You can unsubscribe at any time. If you DON'T want to receive these emails, please tick this box. We'd like to send you the occasional brochure so you can get a regular fix of our lovely product! You can unsubscribe at any time. If you DON'T want to receive these brochures, please tick this box. We'd like to introduce you to other brands you might love who will post you the occasional brochure. You can opt out of this at any time. If you DON'T want to receive these brochures, please tick this box.",0,0,0,0,0,0,1
Occasion: Anniversary,0,0,0,0,0,0,0
8 people have viewed this product today!,1,0,0,0,0,0,0
30 people have purchased this item,1,0,0,0,0,0,0
Musical Toys,0,0,0,0,0,0,0
"Chelsea in Burlington, Wisconsin bought Take Out The Boat Jumpsuit, Blackabout 13 minutes ago",1,0,0,0,0,0,0
"Skin Concerns: Treats mild to moderate acne (including whiteheads, blackheads, pimples, and hormonal acne) and excess oiliness.",0,0,0,0,0,0,0
Limited Time Offer!,1,0,0,0,0,0,0
Events and Entertainment,0,0,0,0,0,0,0
About UsNews & Articles,0,0,0,0,0,0,0
Almost gone! Only 3 left In Stock,1,0,0,0,0,0,0
Low Maintenance Plants,0,0,0,0,0,0,0
Men's Apparel Collection,0,0,0,0,0,0,0
View All Parts,0,0,0,0,0,0,0
"We are one of the best online printing technology & solution company successfully serving local and international customers to cherish the joy, love and precious moments in life with various products. Being an instrument to spread your joy and love in a beautiful way we take pride in providing the best quality services.",0,0,0,0,0,0,0
3 people are looking at this product,1,0,0,0,0,0,0
38 people are viewing this,1,0,0,0,0,0,0
"no thanks, I don't like to save",0,0,0,1,0,0,1
00 HRS 57 MINS 56 SECS,1,0,0,0,0,0,0
Shop all interactive whiteboards,0,0,0,0,0,0,0
Sign up to stay up to date on all White Cloud news and savings!,0,0,0,0,0,0,0
"Stacey in Saint Marys, United States purchased Extra Long (10 Ft) Fiber Cloth Sync & Charge USB Android Cable - Assorted Colors about 30 minutes ago",1,0,0,0,0,0,0
Hurry! Only 6 left in stock!,1,0,0,0,0,0,0
Only 1 Left in this Size!,1,0,0,0,0,0,0
These pieces are not yet in stock but will be shipped as soon as they are available. The estimated ship date will be noted on the product page.,0,0,0,0,0,0,0
"Our website implements the ARIA attributes (Accessible Rich Internet Applications) technique, alongside various behavioral changes, to ensure blind users visiting with screen-readers can read, comprehend, and enjoy the website’s functions. As soon as a user with a screen-reader enters your site, they immediately receive a prompt to enter the Screen-Reader Profile so they can browse and operate your site effectively. Here’s how our website covers some of the most important screen-reader requirements:",0,0,0,0,0,0,0
Only 7 left!,1,0,0,0,0,0,0
Yearly,0,0,0,0,0,0,0
"to resolve the issue, or",0,0,0,0,0,0,0
Shop by Activity,0,0,0,0,0,0,0
Home »,0,0,0,0,0,0,0
Lace Front African American Wigs,0,0,0,0,0,0,0
SRX Remotes,0,0,0,0,0,0,0
PAVILION LONG SLEEVE SHIRT DRESS Cornflower Stripe,0,0,0,0,0,0,0
"Son in Suisun City, United States purchased Commander Lex",1,0,0,0,0,0,0
All Brands A-Z,0,0,0,0,0,0,0
Icon MTB Socks - Black/Green,0,0,0,0,0,0,0
Focus remotes,0,0,0,0,0,0,0
3DAYS124606,1,0,0,0,0,0,0
"To cancel your order before it ships, call us.",0,0,0,0,0,1,0
Signup for email updates from Car and Truck Remotes!,0,0,0,0,0,0,0
"Easy, awesome! ready to go. Held a charge first night",0,0,0,0,0,0,0
More than 752 users are adding shapewear to their cart. Is your size left?,1,0,0,0,0,0,0
Newborn & InfantYouthAdjustableFlexSnapbacksSale Items- View All -,0,0,0,0,0,0,0
Flat Top,0,0,0,0,0,0,0
CPUs & Processors,0,0,0,0,0,0,0
Brand Directory,0,0,0,0,0,0,0
"No, I don't feel lucky.",0,0,0,0,0,0,1
Only 2 left in stock. Make it yours.,1,0,0,0,0,0,0
"For more information about the VIP Rewards Club Membership, to purchase or terminate a membership, or to start or stop automatic renewal of a membership, contact Ross-Simons Customer Service by postal mail at: Ross-Simons, 9 Ross-Simons Drive, Cranston, Rhode Island 02920; or by email at customerservice@ross-simons.com; or by calling the VIP Rewards Club priority line at 800-835-3799.",0,0,0,0,0,1,0
,0,0,0,0,0,0,0
"Sayeeganesh in Chennai, India just bought Dhoni the Finisher T-Shirt an hour ago",1,0,0,0,0,0,0
Only 1 left in stock.,1,0,0,0,0,0,0
Candy & Snacks,0,0,0,0,0,0,0
"Only 1 left , In Stock",1,0,0,0,0,0,0
65% of our customers added Surefit protection this year.,1,0,0,0,0,0,0
50% OFF for Limited Time Only!!!,1,0,0,0,0,0,0
Active Filters English English ✘ Remove Filter,0,0,0,0,0,0,0
HURRY! ENDS IN: 11 HRS 20 MIN 13 SEC,1,0,0,0,0,0,0
"Sabrina in Paraparaumu, New Zealand purchased a SCHO-KA-KOLA Schokakola energy Chocolate caffeine snack food MRE caffeinated",1,0,0,0,0,0,0
YOUR CART IS ELIGIBLE FOR AN ADDITIONAL 10% OFF Including Current Promotions + Sale & Clearance 00 hours :29 minutes :26 seconds CHECK OUT NOW,1,0,0,0,0,0,0
MIN Twins,0,0,0,0,0,0,0
Wedding Cross Stich & Embroidery Patterns,0,0,0,0,0,0,0
Choose Type of Cookies You Accept Using,0,0,0,0,0,0,0
★ ★ ★ ★ ★,0,0,0,0,0,0,0
10 SEATS LEFT,1,0,0,0,0,0,0
(Only 5 Left),1,0,0,0,0,0,0
Mixed Wine Cases,0,0,0,0,0,0,0
Let's make sure you have everything else you need,0,0,0,0,0,0,1
80% offers claimed. Hurry up!,1,0,0,0,0,0,0
WhiteBoho Rose Comforter and Sham Set,0,0,0,0,0,0,0
Your order is reserved for 09:57 minutes!,1,0,0,0,0,0,0
₪ ILS,0,0,0,0,0,0,0
Cooling & Air Treatment,0,0,0,0,0,0,0
"Mother’s Day is undoubtedly a significant occasion for all mothers. But, for the new moms, it is even more special. If you........... Read More...",0,0,0,0,0,0,0
LAYAWAY SALE WE WILL MATCH YOUR INITIAL PAYMENT. LIMITED TIME ONLY,1,0,0,0,0,0,0
HURRY! ENDS IN: 10 HRS 40 MIN 00 SEC,1,0,0,0,0,0,0
Mary Janes,0,0,0,0,0,0,0
Select Your Year,0,0,0,0,0,0,0
What treats can I use?,0,0,0,0,0,0,0
We curate the very best in creative and innovative fashion for the EDM Lifestyle.,0,0,0,0,0,0,0
Only 20 left,1,0,0,0,0,0,0
Terms of Service,0,0,0,0,0,0,0
Upright Plants,0,0,0,0,0,0,0
Your one-time offer! Enjoy 10% off sitewide. Applied at checkout Offer ends in: 04 hrs 37 min 56 sec,1,0,0,0,0,0,0
"""Your purchase entitles you to the following special""",0,0,0,0,0,0,1
Brass Shankh,0,0,0,0,0,0,0
2 people are looking right now,1,0,0,0,0,0,0
Boys Shorts,0,0,0,0,0,0,0
IN HIGH DEMAND!,1,0,0,0,0,0,0
Low Stock Only 2 left,1,0,0,0,0,0,0
Anaheim DucksArizona CoyotesCalgary FlamesChicago BlackhawksColorado AvalancheDallas StarsEdmonton OilersLos Angeles KingsMinnesota Wild,0,0,0,0,0,0,0
Blankets Throws,0,0,0,0,0,0,0
Shop Disposables,0,0,0,0,0,0,0
Free Delivery to Home & Next day delivery available to store*,0,0,0,0,0,0,0
Limited-time Deal,1,0,0,0,0,0,0
Limited time - Free Shipping on all orders*,1,0,0,0,0,0,0
Surgical & Face Masks,0,0,0,0,0,0,0
Hurry! Only 4 left in stock.,1,0,0,0,0,0,0
"No thanks, I despise coupons!",0,0,0,1,0,0,1
Shop Men's Styles,0,0,0,0,0,0,0
"If you are one of those constantly devoted to healthy eating, weight loss plans,..",0,0,0,0,0,0,0
"JULIE in Oak Brook, United States purchased a Watercolor Brush Pens 24 Refillable Colors with Travel Case about 10 hours ago",1,0,0,0,0,0,0
"For a limited time, buy 2 Hydroxycut Hardcore Elite, 30 Servings for $30!",1,0,0,0,0,0,0
(5 Left),1,0,0,0,0,0,0
Choosing the Best Plus Size Briefs,0,0,0,0,0,0,0
FREE SHIPPING FOR A LIMITED TIME | PRICES ARE IN USD AND INCLUDE ALL IMPORT DUTIES.,1,0,0,0,0,0,0
Cable Winders,0,0,0,0,0,0,0
TSX Remotes,0,0,0,0,0,0,0
Only 3 Left In Stock,1,0,0,0,0,0,0
Baby Bathtubs,0,0,0,0,0,0,0
Only 14 left,1,0,0,0,0,0,0
33 people are eyeing this item!,1,0,0,0,0,0,0
"Nice choice. Did you know you’re missing out on these deals with the item in your cart. Suit + Shirt + Tie now $599.99* - Shop Suits, Shirts and Ties Or Get 2 Suit Packages for $1100*",0,0,0,0,0,0,1
"No thanks, I don't like saving money",0,0,0,1,0,0,1
Only 1 Left in Stock. Buy Soon!,1,0,0,0,0,0,0
19 people have viewed this item,1,0,0,0,0,0,0
Crossman Air Pistols,0,0,0,0,0,0,0
"No Thanks, I'd Rather Pay Full Price",0,0,0,1,0,0,1
Harry Potter,0,0,0,0,0,0,0
FilterSortFeaturedPrice: Low to HighPrice: High to LowAlphabetical: A-ZAlphabetical: Z-A,0,0,0,0,0,0,0
We only have 8.0000 left in Stock,1,0,0,0,0,0,0
"Hurry, Sale ends in 9 Hours!",1,0,0,0,0,0,0
Jewelry Care Kit,0,0,0,0,0,0,0
Give a Gift,0,0,0,0,0,0,0
First name *,0,0,0,0,0,0,0
166 people have added this item to cart,1,0,0,0,0,0,0
LIMITED TIME LEFT! 00 : 46 : 11,1,0,0,0,0,0,0
Speak with our customer-care executive who will help you with your buying.,0,0,0,0,0,0,0
Mechanic's Wear,0,0,0,0,0,0,0
Please note: we do not ship to PO Boxes,0,0,0,0,0,0,0
"Michael M. from Lacey, WA just bought a Cal King",1,0,0,0,0,0,0
"Products are automatically delivered on your schedule. No obligation, modify or cancel your subscription anytime.",0,0,0,0,0,0,0
There are only 1 item left in stock.,1,0,0,0,0,0,0
Free Shipping*,0,0,0,0,0,0,0
"Crystals are alive. Born inside Mother Earth, crystal energy can be felt just like heat or cold. For chakra training to astrological remedies, discover healing crystals.",0,0,0,0,0,0,0
A-Z Luxury Brands,0,0,0,0,0,0,0
ALMOST GONE - only 2 remaining!,1,0,0,0,0,0,0
Offer ends in 03 days 19 hours : 54 mins : 22 secs,1,0,0,0,0,0,0
Over 200 views in 24 hrs,1,0,0,0,0,0,0
"Hurry, only 302 left.",1,0,0,0,0,0,0
Shotgun Bore Mops,0,0,0,0,0,0,0
POPULAR 64 others checked this out in the last few hours.,1,0,0,0,0,0,0
ONLY 5 LEFT IN STOCK,1,0,0,0,0,0,0
"No thanks, I hate saving money",0,0,0,1,0,0,1
Moroccan Rugs,0,0,0,0,0,0,0
ONLY AVAILABLE FOR A LIMITED TIME,1,0,0,0,0,0,0
Sprouting,0,0,0,0,0,0,0
Help us #savethefishies.,0,0,0,0,0,0,0
5 items left,1,0,0,0,0,0,0
This product was viewed 26 seconds ago by someone from Princeton,1,0,0,0,0,0,0
ONLY 1 ITEM LEFT!,1,0,0,0,0,0,0
ONLY 11 LEFT,1,0,0,0,0,0,0
Only a few left of this product!,1,0,0,0,0,0,0
JFN Scallop V Neck Solid Casual T-Shirt/Tee,0,0,0,0,0,0,0
Purchased 6 times this week.,1,0,0,0,0,0,0
Crochet Baby Patterns,0,0,0,0,0,0,0
Felizer Designer Diamond studded Round Dial Metal starp watch for Women & Girls - Silver (Heart design) Analog,0,0,0,0,0,0,0
Home / Black Tapered Belted Cigarette Trousers - Myasia,0,0,0,0,0,0,0
Only 4 left at this price,1,0,0,0,0,0,0
"Once a celebrated author of short stories now in his twilight years,",0,0,0,0,0,0,0
Recent Searches,0,0,0,0,0,0,0
Brand case & cloth included,0,0,0,0,0,0,0
Hair Color + Highlights,0,0,0,0,0,0,0
"We combined powerful, yet gentle acne-fighting ingredients with our own unique plant-based complexes to help reduce irritation and redness associated with acne and breakouts. The result? Skin that’s nourished, smooth, and most importantly, clear!",0,0,0,0,0,0,0
"Only 2 left, order soon",1,0,0,0,0,0,0
Food,0,0,0,0,0,0,0
MORE WAYS TO SHOP,0,0,0,0,0,0,0
Your shopping cart is empty.,0,0,0,0,0,0,0
Coin Necklace,0,0,0,0,0,0,0
Mallet E Speed Lace - Black/Silver,0,0,0,0,0,0,0
"Someone from Huntingtown, Maryland, United States purchased TopCoat® F11® Polish & Sealer - Web Special Kits Just Now",1,0,0,0,0,0,0
You may cancel your VIP membership at any time by calling 1-866-337-0906 (open 24/7).,0,0,0,0,0,1,0
Items in your cart are in VERY high-demand.,1,0,0,0,0,0,0
Sign up to our mailing list here and be the first to know about exclusive offers and events,0,0,0,0,0,0,0
Items in your cart are selling fast,1,0,0,0,0,0,0
"No thanks, I don't like winning.",0,0,0,1,0,0,1
Laundry Care,0,0,0,0,0,0,0
Low in stock: only 2 left.,1,0,0,0,0,0,0
Deal Ends In 2 : DAYS13 : HRS10 : MIN24 SEC,1,0,0,0,0,0,0
"Order soon, only 1 left!",1,0,0,0,0,0,0
This campaign was taken down for content reasons,0,0,0,0,0,0,0
"Hurry, only 2 left in stock!",1,0,0,0,0,0,0
AdjustableSnapbacksSale Items- View All -,0,0,0,0,0,0,0
ONLY 5 LEFT IN STOCK!,1,0,0,0,0,0,0
Over 238 people have bought this product,1,0,0,0,0,0,0
Order in 13:16 to get $200 off your mattress,1,0,0,0,0,0,0
Bob Ross Oil Brushes,0,0,0,0,0,0,0
"No Thanks, I'd rather pay full price",0,0,0,1,0,0,1
Terra - Medium Brown,0,0,0,0,0,0,0
Warning: Last items in stock!,1,0,0,0,0,0,0
Work With More Buyers And Sellers?,0,0,0,0,0,0,0
Lighting,0,0,0,0,0,0,0
Round Neck Casual Loose Patchwork Printed Short Sleeve Blouse,0,0,0,0,0,0,0
39 recently purchased it,1,0,0,0,0,0,0
Limited Time Offer: 10% Off your first order!,1,0,0,0,0,0,0
Computer Accessories,0,0,0,0,0,0,0
Aromatherapy,0,0,0,0,0,0,0
A Ritual of Light,0,0,0,0,0,0,0
Hurry only 2 left,1,0,0,0,0,0,0
21 people looked at this during the last 24 hours,1,0,0,0,0,0,0
Black Jeans,0,0,0,0,0,0,0
Build your own powerful multi-vendor marketplace website,0,0,0,0,0,0,0
"Items in your cart are in high demand, but we have reserved your order.",1,0,0,0,0,0,0
167 piece(s) left for this promo,1,0,0,0,0,0,0
"No Thanks, I don't like free stuff.",0,0,0,1,0,0,1
Only 32 left in stock,1,0,0,0,0,0,0
Less than 10 left!,1,0,0,0,0,0,0
CUSTOMER SERVICE,0,0,0,0,0,0,0
Hurry! Sale ends in:,1,0,0,0,0,0,0
NRA Firearms For Freedom,0,0,0,0,0,0,0
Low in stock,1,0,0,0,0,0,0
Availability: Only 1 Left,1,0,0,0,0,0,0
Printed Long Sleeves Casual Blouse For Women,0,0,0,0,0,0,0
Straight Hair Extensions,0,0,0,0,0,0,0
Radio and GPS Pouches,0,0,0,0,0,0,0
Only 3 left!,1,0,0,0,0,0,0
Only 4 unit(s) available!,1,0,0,0,0,0,0
Anniversary Gifts by Year,0,0,0,0,0,0,0
All Scrapbooking Supplies,0,0,0,0,0,0,0
"No USB or Y-Adapter!? Our USB Sound Card is highly recommended for PC (Mac/Linux/Windows) and works with current gen consoles. The Y adapter is recommended for console gaming, phone, or other TRRS jacks.",0,0,0,0,0,0,1
New In,0,0,0,0,0,0,0
146 people recently purchased this.,1,0,0,0,0,0,0
Only 25 Deals left,1,0,0,0,0,0,0
HOW TO MANAGE SIDE EFFECTS,0,0,0,0,0,0,0
Website Accessibility,0,0,0,0,0,0,0
Item added to cart. View cart and check out. Close,0,0,0,0,0,0,0
Heat Mats & Strips,0,0,0,0,0,0,0
HURRY! YOUR 10% OFF EXPIRES IN 29:43,1,0,0,0,0,0,0
3 people bought this item last week.,1,0,0,0,0,0,0
Share on Pinterest,0,0,0,0,0,0,0
Only 8 left in stock,1,0,0,0,0,0,0
Hurry! This special sale ends in 2h 42m 0s,1,0,0,0,0,0,0
Hype. Home,0,0,0,0,0,0,0
VIP OFFERS END 00:54:59,1,0,0,0,0,0,0
"Roommates agreement... need i say more? this is a great poster for the walls of any house that has more than one person living in it. if you're alone, get it all the same - it'll make you laugh at any given time :)",0,0,0,0,0,0,0
This is how you can reject or delete your cookies,0,0,0,0,0,0,0
Ericdress Round Neck Three-Quarter Sleeve Mid-Calf Pullover Fall Women's Dress,0,0,0,0,0,0,0
Email Address,0,0,0,0,0,0,0
Your cart is reserved for 14:57 minutes!,1,0,0,0,0,0,0
"No thanks, I don't want any deals",0,0,0,1,0,0,1
Toddler Boy Underwear and Undershirts,0,0,0,0,0,0,0
Collegiate Shooting Programs,0,0,0,0,0,0,0
ONLY 1 ITEM LEFT,1,0,0,0,0,0,0
01 Hours 37 Minutes 48 Seconds 1/10s,1,0,0,0,0,0,0
Supporting All Artists Create because you can,0,0,0,0,0,0,0
HomeFlowersColourful Mixed Roses Bouquet,0,0,0,0,0,0,0
Send as giftexpand_more,0,0,0,0,0,0,0
Delivery & Returns,0,0,0,0,0,0,0
Only: 9 in stock now,1,0,0,0,0,0,0
"Only 3 left , In Stock",1,0,0,0,0,0,0
Livefood Subscription,0,0,0,0,0,0,0
Grocery & Liquor,0,0,0,0,0,0,0
For Wife,0,0,0,0,0,0,0
"UP TO 60% OFF SPRING SALE PLUS 10% OFF ALL SHOWERS ENTER CODE SHOWERS10 AT CHECKOUT, MUST END TUESDAY 02DAYS  :  04HOURS  :  13MINS  :  28SECS",1,0,0,0,0,0,0
Great for keeping track of your pup while at work,0,0,0,0,0,0,0
Subscribe,0,0,0,0,0,0,0
Powered by,0,0,0,0,0,0,0
JerseysPantsSleepwear & UnderwearSwim CollectionT-ShirtsSale Items- View All -,0,0,0,0,0,0,0
"Hurry, Only a few left!",1,0,0,0,0,0,0
I love this phone case! 😍 #phonecase #hiraeth #appleiphone #apple #rosegold #loveit,0,0,0,0,0,0,0
ONLY 1 LEFT IN THIS SIZE,1,0,0,0,0,0,0
Looking for your order history?,0,0,0,0,0,0,0
Only 82 left in stock!,1,0,0,0,0,0,0
Readers looking for some old-fashioned storytelling with a sprinkling of magic will find it here.,0,0,0,0,0,0,0
Traditional Snacks,0,0,0,0,0,0,0
Travel Accessories,0,0,0,0,0,0,0
eWriters & Graphics Tablets,0,0,0,0,0,0,0
EU Delivery & Returns,0,0,0,0,0,0,0
LIMITED TIME OFFER MEN'S CHINOS & 5-POCKET PANTS BUY 2 FOR $59.90 EACH SHOP NOW,1,0,0,0,0,0,0
Your order will be reserved for 6:56 minutes.,1,0,0,0,0,0,0
LESS THAN 8 LEFT IN STOCK!,1,0,0,0,0,0,0
United States,0,0,0,0,0,0,0
Limited Time Sale - Buy Now!,1,0,0,0,0,0,0
Mobile Terms of Use,0,0,0,0,0,0,0
ALL SALE,0,0,0,0,0,0,0
MyStore,0,0,0,0,0,0,0
JUST 1 LEFT!,1,0,0,0,0,0,0
"Don't snooze, only 1 left",1,0,0,0,0,0,0
I agree to receive marketing emails from Natural Life and agree to our Privacy Policy and terms of use.,0,0,0,0,0,1,0
"Don't miss out, only 2 left in stock",1,0,0,0,0,0,0
"Someone from Rochedale, Queensland, Australia started buying this!",1,0,0,0,0,0,0
Please click,0,0,0,0,0,0,0
Box Springs & Foundations,0,0,0,0,0,0,0
Countdown,0,0,0,0,0,0,0
Men's Pullover Sweaters,0,0,0,0,0,0,0
Tony Bianco,0,0,0,0,0,0,0
LOGO BLACK,0,0,0,0,0,0,0
Everything was perfect. The delivery was very smooth and the products were in great condition as well.,0,0,0,0,0,0,0
Face Masks,0,0,0,0,0,0,0
LIMITED TIME OFFER!,1,0,0,0,0,0,0
Low In Stock Today,1,0,0,0,0,0,0
Lenscap: Damage Only,0,0,0,0,0,0,1
With 1-year Care Subscription 10 days history,0,0,0,0,0,0,1
About Ruth Hogan,0,0,0,0,0,0,0
Don't miss out on this item! There is only 1 left in stock.,1,0,0,0,0,0,0
"NO, THANKS. I DON'T LIKE DISCOUNTS",0,0,0,0,0,0,1
"No thanks, I'd rather pay full price.",0,0,0,1,0,0,1
Wait! Take 10% off Your First Order Deal Expires Soon!,1,0,0,0,0,0,0
Diamond Nose Studs,0,0,0,0,0,0,0
Perhaps you could...,0,0,0,0,0,0,0
"CANCELLATION POLICY: If you are not completely satisfied with Yogi Surprise, you can cancel your membership and discontinue your monthly payments at any time. In order to cancel before you are renewed for the next shipment, you need to contact Yogi Surprise prior to the renewal date on the 14th of each month. Email: support@yogisurprise.com and we’ll respond promptly. If your membership has already renewed and you’d like to cancel an upcoming shipment, you must request cancellation by the 3rd of the month to be eligible for a refund. IF YOU DO NOT CANCEL PRIOR TO THE THIRD DAY OF A CALENDAR MONTH, YOU CANNOT BE REFUNDED FOR THAT MONTH’S SHIPMENT. WE DO NOT OFFER REFUNDS ON BOXES THAT HAVE ALREADY BEEN SHIPPED. To request cancellation, simply click here and submit the contact form or email us: support@yogisurprise.com. We’ll get back to promptly!",0,0,0,0,0,1,0
Limited Time Only! 20% Off,1,0,0,0,0,0,0
"Hurry, only 2 left in stock",1,0,0,0,0,0,0
Casual V-Neck Sleeveless T-Shirt,0,0,0,0,0,0,0
Businesses in the EU buying from a business in the same country are also charged VAT.,0,0,0,0,0,0,0
"Someone in Flemington, United States purchased Anti-Aging Eyelid Tape (Contains 100 Strips) Just now",1,0,0,0,0,0,0
Hurry only 8 items left!,1,0,0,0,0,0,0
Shop,0,0,0,0,0,0,0
Someone in United States just purchased a,1,0,0,0,0,0,0
LIMITED TIME: $10 OFF! DISCOUNT REFLECTED IN PRICE!,1,0,0,0,0,0,0
Rechargeable,0,0,0,0,0,0,0
Redeem Gift Certificates,0,0,0,0,0,0,0
Hurry! 1 items left!,1,0,0,0,0,0,0
Muc-Off,0,0,0,0,0,0,0
Frequently Asked Questions,0,0,0,0,0,0,0
We value your input. Share your review so everyone else can enjoy it too.,0,0,0,0,0,0,0
"Someone in Byron Bay, NSW just bought",1,0,0,0,0,0,0
Last 1 left,1,0,0,0,0,0,0
Limited quantity available,1,0,0,0,0,0,0
ॐ Welcome to Devshoppe Sign In or Create an Account,0,0,0,0,0,0,0
Code of Conduct,0,0,0,0,0,0,0
Macro Focussing Rails,0,0,0,0,0,0,0
Tactical Rifles,0,0,0,0,0,0,0
Bottoms Deals,0,0,0,0,0,0,0
Checkout within 04:10 so we don't run out of stock!,1,0,0,0,0,0,0
"3,081 people have viewed this item",1,0,0,0,0,0,0
Champagne Taittinger,0,0,0,0,0,0,0
Hurry! Only 7 left,1,0,0,0,0,0,0
"19,302 people have added this item to cart",1,0,0,0,0,0,0
"We will also send you an additional email confirming your renewal. Should you elect not to renew your Membership, you may cancel at any time prior to the renewal by emailing us at passportmembership@1800flowers.com and your credit/debit card on file with us will not be charged. A confirmation email will be sent to you. If you email to cancel after your Membership has been renewed, your credit/debit card will have been charged the then current paid annual membership fee for the Passport Program, however you may request, and 1-800-Flowers may grant, a pro-rata refund within its sole discretion based upon the extent that you may have utilized the benefits of the Passport Program and the period of time remaining on your paid Membership.",0,0,0,0,0,1,0
"Howdy stranger, looks like your trail has hit a dead end.",0,0,0,0,0,0,0
Maker Faire News,0,0,0,0,0,0,0
31 people seeing this product right now,1,0,0,0,0,0,0
3 other people are currently viewing this item.,1,0,0,0,0,0,0
Favored By: 400 people!,1,0,0,0,0,0,0
All Shoes,0,0,0,0,0,0,0
What's New New arrivals daily,0,0,0,0,0,0,0
143 BOUGHT,1,0,0,0,0,0,0
WARNING! Only 5 left in stock!,1,0,0,0,0,0,0
"No thanks, I've got too much cool Glock stuff!",0,0,0,1,0,0,1
43 added to bag in the last 48hrs,1,0,0,0,0,0,0
67% offers claimed. Hurry up!,1,0,0,0,0,0,0
Party & Birthday Novelties,0,0,0,0,0,0,0
Temple Locks,0,0,0,0,0,0,0
Sara from Philadelphia just saved $68 on her order.,1,0,0,0,0,0,0
17 people have viewed this wine today,1,0,0,0,0,0,0
Data Processor: Amobee,0,0,0,0,0,0,0
new merch coming soon,0,0,0,0,0,0,0
Prices subject to change without notice. Products shown may not be available in our stores.,0,0,0,0,0,0,0
Add your favourites to cart,0,0,0,0,0,0,0
Free Shipping On Orders Over $49* - Limited Time Only,1,0,0,0,0,0,0
"Someone in DOVER, United States just bought Crew 15 mins ago",1,0,0,0,0,0,0
Payment Methods,0,0,0,0,0,0,0
Also notify me about New Arrivals!,0,0,0,0,0,0,0
POSTED BY @missladywoolf#motoin,0,0,0,0,0,0,0
All Personalised Gifts,0,0,0,0,0,0,0
HURRY! ONLY 19 LEFT IN STOCK.,1,0,0,0,0,0,0
Massive Tax Time Sale See Discounts! Sale ends in,1,0,0,0,0,0,0
Special sale ends in,1,0,0,0,0,0,0
"By clicking “Accept All Cookies”, you agree to the storing of cookies on your device to enhance site navigation, analyze site usage, and assist in our marketing efforts.",0,0,0,0,0,0,0
Sorry! This product is no longer available,0,0,0,0,0,0,0
Brand: Ray-Ban® | Similar products from Ray-Ban®,0,0,0,0,0,0,0
"No thanks, free stuff isn't for me.",0,0,0,1,0,0,1
Only 2 Left,1,0,0,0,0,0,0
Colored Contact Lenses,0,0,0,0,0,0,0
"Israël in Metz, France purchased a More ADVANCED Chord Substitutions",1,0,0,0,0,0,0
In stock | 44 left,1,0,0,0,0,0,0
only 7 pieces left,1,0,0,0,0,0,0
Download Now,0,0,0,0,0,0,0
Beach Towels & Mats,0,0,0,0,0,0,0
ENDS IN - Flash Offer - TWO PAIRS OF SHOES FOR $319 PROMO CODE AUTO-APPLIED AT CHECKOUT! 0 Days : 16 Hours : 09 Minutes : 57 Seconds,1,0,0,0,0,0,0
"Hurry, limited quantities left!",1,0,0,0,0,0,0
Light Works,0,0,0,0,0,0,0
"Both of these jerseys are awesome, I couldn’t have asked for better quality.",0,0,0,0,0,0,0
Only 14 left!,1,0,0,0,0,0,0
"NO THANKS, I DON'T WANT 20% OFF MY ORDER",0,0,0,1,0,0,1
I already have this item. Do not add this to cart,0,0,0,0,0,0,1
Security Cameras,0,0,0,0,0,0,0
Cross Body,0,0,0,0,0,0,0
"-- Preeti Shenoy, author of THE RULE BREAKERS",0,0,0,0,0,0,0
Royal Python Vivariums,0,0,0,0,0,0,0
Stone Island Junior,0,0,0,0,0,0,0
ONLY 1 LEFT!,1,0,0,0,0,0,0
Sustainably made,0,0,0,0,0,0,0
Bob's For Business,0,0,0,0,0,0,0
"""We'd love to send you emails with offers and new products from New Balance Athletics, Inc. but if you do not wish to receive these updates, please tick this box.",0,0,0,0,0,0,1
Boys Green School Uniforms,0,0,0,0,0,0,0
Show Password,0,0,0,0,0,0,0
Pay Securely with Trespass,0,0,0,0,0,0,0
Limited Stock!,1,0,0,0,0,0,0
adidas Originals Stan Smith,0,0,0,0,0,0,0
"LIMITED TIME - BUY THE NEW PURPLE PLUSH PILLOW, GET ONE FREE",1,0,0,0,0,0,0
Functional Marketing Cookies,0,0,0,0,0,0,0
Limited Time Offers,1,0,0,0,0,0,0
Someone in Bacchus Marsh bought a Noosa Basics Deodorant Stick - Sensitive (60g) 27 seconds ago,1,0,0,0,0,0,0
436 users are currently active on our website Just now,1,0,0,0,0,0,0
"Exposed Membership (recurring subscription) and Cancellations  If You order with Exposed Membership, you are selecting a recurring billing subscription, where You will receive a new kit approximately every 60 days. You are able to cancel by contacting Exposed customer care at 1-866-404-7656, 8am – 4pm Pacific Time, M-F.  If You are part of our Monthly installment program, You will be billed in two monthly installments for each acne kit shipped. Each kit will be shipped every two months unless your membership is canceled. To cancel Your Exposed Membership, You must: 1. first pay in full for all kits that have been shipped 2. and, then contact Exposed customer care at 1-866-404-7656 8am – 4pm Pacific Time, M-F to process Your cancellation.",0,0,0,0,0,1,0
Sale Coats and Jackets,0,0,0,0,0,0,0
Shop By Brands,0,0,0,0,0,0,0
Did you know that Shaver heads need replacing every 12 - 18 months? Get the Shaver Guard cleaning spray to extend its life for up to another 6 months!,0,0,0,0,0,0,1
ROAD CLOTHING,0,0,0,0,0,0,0
"No thanks, I don't want to build one.. I'd rather kick rocks!",0,0,0,1,0,0,1
Menstrual Products,0,0,0,0,0,0,0
4 SEATS LEFT,1,0,0,0,0,0,0
Someone in Keilor East bought a Piranta-Edge Skinning Knife - Blaze - Havalon Knives54 minutes ago,1,0,0,0,0,0,0
Shoes & Clothing,0,0,0,0,0,0,0
Imported,0,0,0,0,0,0,0
Will sell out fast!,1,0,0,0,0,0,0
Get it fast! 14 added to bag today,1,0,0,0,0,0,0
Herbaceous oil rich in anti-aging polyphenols.,0,0,0,0,0,0,0
HURRY! LESS THAN 129 LEFT.,1,0,0,0,0,0,0
"Ken in Three Bridges, United States purchased All Zebrawood + Olive Ash",1,0,0,0,0,0,0
Only 3 left in stock,1,0,0,0,0,0,0
We only have 5 left!,1,0,0,0,0,0,0
"Nah, I like paying full price",0,0,0,0,0,0,1
2 people have looked at this in the last couple of hrs.,1,0,0,0,0,0,0
Real time 30 Visitor right now,1,0,0,0,0,0,0
Drawstring Backpacks,0,0,0,0,0,0,0
Please note all products are made in limited quantities and we rarely restock - checkout now so you don't miss out!,1,0,0,0,0,0,0
"No thanks, I don't like getting free stuff.",0,0,0,1,0,0,1
THIS PRODUCT HAS BEEN VIEWED 480 TIMES IN THE LAST 48 HOURS,1,0,0,0,0,0,0
HURRY! ONLY 2 LEFT!,1,0,0,0,0,0,0
Less than 7 left!,1,0,0,0,0,0,0
BOTTLES LEFT 3,1,0,0,0,0,0,0
Items reserved for 15:00,1,0,0,0,0,0,0
ONLY 4 LEFT!,1,0,0,0,0,0,0
-90% discount if you order within 9:55:44,1,0,0,0,0,0,0
Latest looks from Myleene Klass Shop now,0,0,0,0,0,0,0
Only 9 left in stock,1,0,0,0,0,0,0
ADD FOR BETTER RESULTS,0,0,0,0,0,0,1
Affiliate,0,0,0,0,0,0,0
Auto Delivery Program,0,0,0,0,0,0,0
Save $148.98AUD – 49% Off,0,0,0,0,0,0,1
Low Stock – Selling Fast,1,0,0,0,0,0,0
2 PEOPLE HAVE ADDED THIS ITEM TO THEIR CART TODAY,1,0,0,0,0,0,0
Only 6 left,1,0,0,0,0,0,0
Pro Boost Treatments,0,0,0,0,0,0,0
Baby Nursing & Feeding,0,0,0,0,0,0,0
4 bought in the last 24 hours.,1,0,0,0,0,0,0
We're offline,0,0,0,0,0,0,0
12 customers viewed this product today!,1,0,0,0,0,0,0
Gemstone softwares,0,0,0,0,0,0,0
Graphic Tanks,0,0,0,0,0,0,0
LOW STOCK (ONLY 10 LEFT!),1,0,0,0,0,0,0
"JOHN in Toowoomba City, Australia purchased a Resin Tank 7 hours ago",1,0,0,0,0,0,0
V-neck Printed Loose Short-sleeved T-shirt,0,0,0,0,0,0,0
Limited Time Only · Online Only,1,0,0,0,0,0,0
Teething Remedies,0,0,0,0,0,0,0
Partnerships,0,0,0,0,0,0,0
Accord remotes,0,0,0,0,0,0,0
72 Viewing This Product,1,0,0,0,0,0,0
Something went wrong. Please try again,0,0,0,0,0,0,0
Coloured Pencils,0,0,0,0,0,0,0
Only 1 left in stock!,1,0,0,0,0,0,0
Only 9 units left in stock online.,1,0,0,0,0,0,0
Feeding Nightwear,0,0,0,0,0,0,0
Gift Card FAQs,0,0,0,0,0,0,0
Someone in Canberra purchased\nADV.2 (Austracantha) about 41 minutes ago,1,0,0,0,0,0,0
Ducted Vacuum Cleaners,0,0,0,0,0,0,0
Work Solid Simple Crew Neck Half Sleeve Top,0,0,0,0,0,0,0
"No thank you, I prefer to pay for shipping.",0,0,0,0,0,0,1
White Plus Size Clothing,0,0,0,0,0,0,0
"No thanks, I don't like exclusive offers",0,0,0,1,0,0,1
273 units sold in the last 30 days,1,0,0,0,0,0,0
"No thanks, I'll just pay full price.",0,0,0,1,0,0,1
"No, I'd rather do it the hard way...",0,0,0,0,0,0,1
User interface customization persistent cookies are used to store a user’s preference regarding a service. Please note that these cookies are exempt from consent.,0,0,0,0,0,0,0
"After getting my jersey on Monday, I am hooked on CoolHockey. I will surely be buying from CoolHockey from now on.",0,0,0,0,0,0,0
Congratulations! You qualify to receive Rechargeable 10-Function Bullet Vibe for FREE!,0,0,0,0,0,0,1
Other 2 customers have it in their cart.,1,0,0,0,0,0,0
Elegant A Line Chiffon V-neck Long Sleeve Bridesmaid Dress with Pleats and Ruching,0,0,0,0,0,0,0
White Camo Windbreaker - Rock N' Roll,0,0,0,0,0,0,0
xB Remotes,0,0,0,0,0,0,0
Football Boots,0,0,0,0,0,0,0
Selling fast! Add to bag 7 times in the last 48 hours.,1,0,0,0,0,0,0
Only 2 items left,1,0,0,0,0,0,0
"Marc in Newton, United States purchasedKTM Stand Plate Large KTM...",1,0,0,0,0,0,0
"Sandeep in Hawthorne, California bought Sadie Ponte Pants - Black Just Now",1,0,0,0,0,0,0
Lifestyle / Music,0,0,0,0,0,0,0
Only 1 unit left in stock,1,0,0,0,0,0,0
LOW IN STOCK!! GET YOURS NOW,1,0,0,0,0,0,0
"Laurie in Urraween, Queensland bought No Brainer USB Charging Anti-Theft Backpack",1,0,0,0,0,0,0
High Arches,0,0,0,0,0,0,0
Contract free,0,0,0,0,0,0,0
"Someone in Cedarhurst, United States purchased a Sproet and Sprout Shell/Violet Stripe Bloomers",1,0,0,0,0,0,0
Your order is prioritized for 13:22 minutes!,1,0,0,0,0,0,0
How Do I Rinse Off My Overnight Hair Oil Treatment?,0,0,0,0,0,0,0
Black Jewelry,0,0,0,0,0,0,0
Cart will expire in 08:19 minutes!,1,0,0,0,0,0,0
Time remaining: 04:50,1,0,0,0,0,0,0
0:44:56,1,0,0,0,0,0,0
Watches & Accessories,0,0,0,0,0,0,0
"No thanks, I don't like free stuff",0,0,0,1,0,0,1
DAYS HRS MINS SECS,1,0,0,0,0,0,0
"Here for a limited time. 4.5"" Red Bottle Sticker w/ Adam's Logo",1,0,0,0,0,0,0
Limited time offer.,1,0,0,0,0,0,0
3 left,1,0,0,0,0,0,0
Someone in Faizabad just bought: Pretty Love Penis Sleeve 7 inch an hour 2 minutes ago,1,0,0,0,0,0,0
Limited Time Remaining!,1,0,0,0,0,0,0
I WANT TO PAY MORE LATER ;),0,0,0,0,0,0,1
Limited Time Only - Up to 30% OFF Freshwater Plants! SHOP NOW >,1,0,0,0,0,0,0
Back by Demand,0,0,0,0,0,0,0
"ONLY 5 LEFT, HURRY!",1,0,0,0,0,0,0
Functional Cookies,0,0,0,0,0,0,0
Flash Sale ends in SHOP NOW,1,0,0,0,0,0,0
"Born for adventures across land, desert, and ice. Cruise over Tarmac-free roads or adapt it to be your 'do anything' commuter.",0,0,0,0,0,0,0
Performance Cookies,0,0,0,0,0,0,0
I am very pleased with the service I received.,0,0,0,0,0,0,0
7 customers have this in their basket,1,0,0,0,0,0,0
"Jacob in Seymour, Wisconsin, United States purchased a Bass XL just now!",1,0,0,0,0,0,0
Hurry! Only 9 left in stock.,1,0,0,0,0,0,0
shop by trend,0,0,0,0,0,0,0
13:09:27 HOURS MINUTES SECONDS Sale Ends Once The Timer Hits Zero!,1,0,0,0,0,0,0
Delivery & support,0,0,0,0,0,0,0
SHOP TRIATHLON,0,0,0,0,0,0,0
The product you requested is not available in the selected country,0,0,0,0,0,0,0
"No thanks, I don't like winning",0,0,0,1,0,0,1
"You choose: just one box, or a  Madison Reed Membership?",0,0,0,0,0,0,1
Baby Cross Stitch & Embroidery Patterns,0,0,0,0,0,0,0
HHR remotes,0,0,0,0,0,0,0
"No, I Don't Like Discounts",0,0,0,0,0,0,1
LIMITED TIME BLOW OUT SALE UP TO 70% OFF! 110% BEST PRICE GUARANTEE!,1,0,0,0,0,0,0
$69.50 For A Limited Time Details,1,0,0,0,0,0,0
Accessibility statement,0,0,0,0,0,0,0
Hurry! Only 1 Left In Stock,1,0,0,0,0,0,0
"2,221 people have purchased this item",1,0,0,0,0,0,0
"No, thanks. I'd prefer not to save.",0,0,0,0,0,0,1
SAVE $200 OFF PUFFY,1,0,0,0,0,0,0
Data Processor Privacy Policy: https://triplelift.com/privacy,0,0,0,0,0,0,0
"Tambria in Hattiesburg just bought Peruvian Virgin Natural Wave Hair 3 Bundles with Lace Frontal, 100% Human Virgin Hair",1,0,0,0,0,0,0
1 item left,1,0,0,0,0,0,0
Order without free membership $69.95,0,0,0,0,0,0,1
"This product can expose you to chemicals including Hexavalent which is known to the State of California to cause cancer on birth defects or other reproductive harm. For more information, visit",0,0,0,0,0,0,0
"Someone in Vancouver, Washington purchased a Orthofeet Men's Orthotic Insoles about 38 minutes",1,0,0,0,0,0,0
Only 5 left!,1,0,0,0,0,0,0
Brushes,0,0,0,0,0,0,0
"Rose in Portland, United States purchased Green Eco-Friendly iPhone XR Case about 54 minutes ago",1,0,0,0,0,0,0
Data Processor Privacy Policy: https://casalemedia.com/,0,0,0,0,0,0,0
"No thanks, I'll still want to pay full price",0,0,0,1,0,0,1
Only 3 Left in Stock!,1,0,0,0,0,0,0
Limited time - final price reflects extra 29% off,1,0,0,0,0,0,0
Hurry! Only 6 left in stock.,1,0,0,0,0,0,0
We value your privacy We use cookies to improve your website experience. We also use third-party cookies for marketing purposes. Learn more.,0,0,0,0,0,0,0
Unstitched Fabric,0,0,0,0,0,0,0
Polar Lights II,0,0,0,0,0,0,0
Shop by Health Goals,0,0,0,0,0,0,0
"No thanks, I'm not interested",0,0,0,1,0,0,1
Customer also shopped for,0,0,0,0,0,0,1
Shop Safely And Securely,0,0,0,0,0,0,0
powered by: Cookie Information,0,0,0,0,0,0,0
Free Shipping & Easy Returns always!,0,0,0,0,0,0,0
Combination,0,0,0,0,0,0,0
"No Thanks, I Don't Want To Save",0,0,0,1,0,0,1
QUANTITY: *ONLY 1 LEFT,1,0,0,0,0,0,0
6 customers have this in their basket,1,0,0,0,0,0,0
GCC Compliance,0,0,0,0,0,0,0
Please try again,0,0,0,0,0,0,0
How Do Our Crystals Looks in Real Life?,0,0,0,0,0,0,0
"No thanks, I want to pay full price",0,0,0,1,0,0,1
commonpandacom@commonpandacom,0,0,0,0,0,0,0
"Yes, I Want To Save Money!No Thanks",0,0,0,1,0,0,1
OFFER ENDS IN: 00:32:04 TIME IS RUNNING OUT!,1,0,0,0,0,0,0
"ONLY $1.99 FOR YOUR FIRST SIX MONTHS, THEN EACH YEAR YOUR MEMBERSHIP WILL AUTOMATICALLY RENEW FOR $39.99 AND BE CHARGED TO YOUR CREDIT/DEBIT CARD ON FILE. CANCEL YOUR VIP MEMBERSHIP ANY TIME TO RECEIVE A PRORATED REFUND BY CALLING (800) 543-7309. BY SUBMITTING YOUR ORDER, YOU AGREE TO THESE VIP MEMBERSHIP TERMS.",0,0,0,0,0,1,0
Only 4 left in this size!,1,0,0,0,0,0,0
You might also like,0,0,0,0,0,0,0
Shop By Fabric,0,0,0,0,0,0,0
Chirag in Anoopshahr just got the JAYS - a-JAYS One+ about 17 minutes ago,1,0,0,0,0,0,0
View all Ink categories,0,0,0,0,0,0,0
Intercoastal Performance Pant - True Navy,0,0,0,0,0,0,0
"NO THANKS, I DON’T WANT 15% OFF",0,0,0,1,0,0,1
Bike Parts & Components,0,0,0,0,0,0,0
🔥👁️ 1 person is viewing this.,1,0,0,0,0,0,0
Estimated VAT overview,0,0,0,0,0,0,0
"Your company account is blocked and you cannot place orders. If you have questions, please contact your company administrator.",0,0,0,0,0,0,0
Hand & Foot Skin Care,0,0,0,0,0,0,0
Best Deals of the Month: April Edition,0,0,0,0,0,0,0
Hurry up! Only 4 left in stock,1,0,0,0,0,0,0
Accent Chairs,0,0,0,0,0,0,0
"No thanks, I don't like to save",0,0,0,1,0,0,1
Subscribe To Us Subscribe,0,0,0,0,0,0,0
Customers also bought,0,0,0,0,0,0,1
407 customers have viewed this item recently,1,0,0,0,0,0,0
Only 1 item(s) left in stock,1,0,0,0,0,0,0
Kyanite Beads,0,0,0,0,0,0,0
"No, I don't want great deals.",0,0,0,1,0,0,1
I have a strong liking to walnut. Even the sapwood can look very presentable when finished good. Thus cutting board is a great item for use and conversation and looks good.,0,0,0,0,0,0,0
Holland Cooper,0,0,0,0,0,0,0
Recovery Best Sellers,0,0,0,0,0,0,0
Viewed 1040 times in the last 7 days,1,0,0,0,0,0,0
U.S. Vape Mail Ban FAQs,0,0,0,0,0,0,0
異業合作 Cooperation,0,0,0,0,0,0,0
6 people have looked at this in the last few hrs.,1,0,0,0,0,0,0
Limited-time Offer: Bundle a base and get 20% off,0,0,0,0,0,0,1
Sale Womens Clothing,0,0,0,0,0,0,0
Why I chose this:,0,0,0,0,0,0,0
TWO FREE PILLOWS AND 30% OFF WITH PROMO CODE,0,0,0,0,0,0,1
View Alternatives,0,0,0,0,0,0,0
11 11 Hours: 00 22 Minutes: 3223 3223 Seconds Sale Ends Once The Timer Hits Zero!,1,0,0,0,0,0,0
"Security is our top priority. Our subscription payments are powered by Stripe and ReCharge, processed in a secure PCI-compliant environment to the highest industry standards. Ketolent staff never know your credit card number.",0,0,0,0,0,0,0
"Jim in Houston, USA purchased Pure Ratios: Hemp Oil CBD Patch (40mg CBD)",1,0,0,0,0,0,0
Only 22 left in stock!,1,0,0,0,0,0,0
ADD WORLD'S MOST COMFORTABLE CHAIRS,0,0,0,0,0,0,1
ONLY 3 LEFT IN STOCK!,1,0,0,0,0,0,0
Watch how its done,0,0,0,0,0,0,0
View all Oil & Acrylic Brushes categories,0,0,0,0,0,0,0
Get Personalised Health PlanGet Health Plan,0,0,0,0,0,0,0
Someone in Louisville Kentucky United States Purchased Gold Presidential Bracelet With Watch Buckle 9 hours ago,1,0,0,0,0,0,0
LESS THAN 5 LEFT!,1,0,0,0,0,0,0
[new-troh-pick],0,0,0,0,0,0,0
"ADHD Friendly Profile: this profile significantly reduces distractions and noise to help people with ADHD, and Neurodevelopmental disorders browse, read, and focus on the essential elements more easily.",0,0,0,0,0,0,0
Long and Tall,0,0,0,0,0,0,0
This offer is only VALID if you add to cart now!,0,0,0,0,0,0,1
"Sign up for the latest updates, products and offers",0,0,0,0,0,0,0
"Subscribing means you agree to receive our emails, more details please refer to ourprivacy policy.",0,0,0,0,0,0,0
Shop Sale by Print,0,0,0,0,0,0,0
"Flash Sale Alert! You can now buy Utorch Corridor Porch Aisle Lights from Gearbest.com for only $7.99 (47% off). Hurry up, limited time offer!",1,0,0,0,0,0,0
Only 9 left,1,0,0,0,0,0,0
"Our items sell fast, don't miss out!",1,0,0,0,0,0,0
Your order has been reserved for,1,0,0,0,0,0,0
Sale ends soon,1,0,0,0,0,0,0
only 5 left in stock,1,0,0,0,0,0,0
135 people have this in their cart,1,0,0,0,0,0,0
The Hoop Destination. Discover more,0,0,0,0,0,0,0
Tight Bud,0,0,0,0,0,0,0
6 other people looking at this item,1,0,0,0,0,0,0
selected language日本語currencyJPY,0,0,0,0,0,0,0
Great choice!,0,0,0,0,0,0,0
Only 1 items left,1,0,0,0,0,0,0
Would you like to purchase an Extended Protection Plan?,0,0,0,0,0,0,1
ONLY 14 LEFT AT THIS PRICE,1,0,0,0,0,0,0
Not sold separately,0,0,0,0,0,0,0
16 recently purchased it.,1,0,0,0,0,0,0
Plus Size Ripped Jeans,0,0,0,0,0,0,0
Redirecting to Futech Deals for secure checkout...,0,0,0,0,0,0,0
Football,0,0,0,0,0,0,0
All Men's Brands,0,0,0,0,0,0,0
*Freight/Higher Freight charges may apply to some areas. Click here to view Shipping Policy,0,0,0,0,0,0,0
Long Sleeves Nightwear,0,0,0,0,0,0,0
"Faith in Glendale, United States purchased a Choose Your Flavors 5 Bag Sample Pack (Whole Bean) about 1 hour ago",1,0,0,0,0,0,0
Hairy Chest T-Shirt And Shorts Combo,0,0,0,0,0,0,0
Covered all grays,0,0,0,0,0,0,0
7 sold in the last 48 hours,1,0,0,0,0,0,0
Menthol Flavors,0,0,0,0,0,0,0
"Someone in Alexandria, United States just bought TTDeye Queen Green Colored Contact Lenses",1,0,0,0,0,0,0
FLASH 19:15:22,1,0,0,0,0,0,0
"Only available for a LIMITED TIME, so get yours TODAY!",1,0,0,0,0,0,0
2 in stock,1,0,0,0,0,0,0
Oxfords & Loafers,0,0,0,0,0,0,0
Only 9 items left!,1,0,0,0,0,0,0
Reloading & Ammunition,0,0,0,0,0,0,0
Someone purchased a FORWARD REVIVE WOMEN'S RED WHITE HUSTLE T-SHIRT 32 minutes ago,1,0,0,0,0,0,0
"Joe M from , Bought a Cartoon Caterpillar Rigged 3D Model Recently",1,0,0,0,0,0,0
"Annie in Cheras, Malaysia just bought: An Abundance of Flowers - Van-Go Paint-By-Number Kit",1,0,0,0,0,0,0
Read More,0,0,0,0,0,0,0
"Ketolent subscriptions have no long term contracts. Pause, cancel, or change at any time. Want to swap Vanilla for Chocolate, or set up to renew every 3 weeks? No problem! Send us an email to help@ketolent.com and we'll make the change for you.",0,0,0,0,0,1,0
Selling Fast,1,0,0,0,0,0,0
"NO THANKS, I'D RATHER PAY FULL PRICE",0,0,0,1,0,0,1
Stone Cold Steve Austin,0,0,0,0,0,0,0
92 customers bought this in the last 48 hours,1,0,0,0,0,0,0
"An item you ordered is in high demand. No worries, we have reserved your order.",1,0,0,0,0,0,0
Click and Collect T&C,0,0,0,0,0,0,0
Someone added 1pc 4ocean natural stone beads beaded bracelet men boho handmade to their cart RIGHT NOW,1,0,0,0,0,0,0
LIMITED TIME ONLY 10 OFF 50 SPEND NEW CUSTOMERS ONLY - TERMS & CONDITIONS APPLY,1,0,0,0,0,0,0
Shirts & Blouses,0,0,0,0,0,0,0
Different Types of Gold,0,0,0,0,0,0,0
HURRY! ONLY 14 LEFT IN STOCK.,1,0,0,0,0,0,0
The best!,0,0,0,0,0,0,0
"HURRY, THERE ARE ONLY 9 ITEM(S) LEFT!",1,0,0,0,0,0,0
Tracksuit,0,0,0,0,0,0,0
Trending Style! Sold 4 times today,1,0,0,0,0,0,0
Long African American Wigs,0,0,0,0,0,0,0
Only one left in stock - order soon!,1,0,0,0,0,0,0
"Hurry, only 1 left in stock!",1,0,0,0,0,0,0
Trending now! Added to basket 490 times today,1,0,0,0,0,0,0
Almost Famous Jeans,0,0,0,0,0,0,0
"No Thanks, I Don't Like Saving Money.",0,0,0,1,0,0,1
Professional Color Tool Kit / Addons,0,0,0,0,0,0,1
Tweet Share Pin It Add Email,0,0,0,0,0,0,0
Tights,0,0,0,0,0,0,0
Only 5 left,1,0,0,0,0,0,0
Wireless Microphone,0,0,0,0,0,0,0
Only 15 left in stock,1,0,0,0,0,0,0
Limited Quantity,1,0,0,0,0,0,0
Cap Construction,0,0,0,0,0,0,0
Need Help Finding The Right Product?,0,0,0,0,0,0,0
Body Washes,0,0,0,0,0,0,0
ONLY 2 LEFT,1,0,0,0,0,0,0
"Matthew in Charleston, South Carolina just purchased The Puffy Lux Mattress",1,0,0,0,0,0,0
LIVE REMAINING STOCK,1,0,0,0,0,0,0
Brand: NFL Pro Line by Fanatics Branded,0,0,0,0,0,0,0
339 users are currently active on our website,1,0,0,0,0,0,0
Please Order Within: 0 0 : 0 2 : 4 1 : 10 65,1,0,0,0,0,0,0
Baby Boy Jumpsuits and Rompers,0,0,0,0,0,0,0
"Nah, I'll pay full price",0,0,0,0,0,0,1
"Like many websites, we share certain information, such as your IP address, device ID or similar online identifier, with certain third parties, such as social networks and advertising networks. This information is used to personalize advertising you see after you’ve visited our website. The California Consumer Privacy Act (“CCPA”) considers our sharing of that information in this manner to be a “sale.”For more information about the First and Third Party Cookies used please follow this link.",0,0,0,0,0,0,0
Choose which store you would like to visit,0,0,0,0,0,0,0
"You may cancel or renew your membership to the VIP Program or find out more information about your VIP Program subscription, including your annual expiration date, by contacting support@grove.co.",0,0,0,0,0,1,0
"No Thanks, I like paying full price.",0,0,0,1,0,0,1
Popular Item! 🔥 16 people are viewing this and 18 recently purchased it.,1,0,0,0,0,0,0
"Ida in Tangerang Selatan, Indonesia purchased Iseya VG10 G-Series 33 layer Damascus Japanese Chef's Santoku Knife , 180mm about 1 hour ago",1,0,0,0,0,0,0
3 items left,1,0,0,0,0,0,0
ONLY 52 items left in stock!,1,0,0,0,0,0,0
Cracked Nipples,0,0,0,0,0,0,0
Only 2 left in stock,1,0,0,0,0,0,0
Fave x GrabPay,0,0,0,0,0,0,0
"No thanks, I'll pay full price!",0,0,0,1,0,0,1
"If you wish to cancel a membership, please contact our Customer Services Department on UK: +44 808 164 8264 (standard local call charges will apply) or via email on customer.service@beautypie.com. You can also contact the Customer Services Department by post at: Beauty Pie Limited, Customer Service Department, The Point, 210 New Kings Road, London SW6 5NZ, United Kingdom. Please quote your order number in all correspondence.",0,0,0,0,0,1,0
Only 4 left In Stock,1,0,0,0,0,0,0
Flex Mount,0,0,0,0,0,0,0
"2,229 people have viewed this item",1,0,0,0,0,0,0
Someone in Castle Hill bought a Philips Essential LED Downlight Kit | 5W 4000K few hours ago.,1,0,0,0,0,0,0
FOR THE ULTIMATE EXPERIENCE: (Can select more than one),0,0,0,0,0,0,1
Related Categories,0,0,0,0,0,0,0
from France,0,0,0,0,0,0,0
308 viewed per day,1,0,0,0,0,0,0
Mom & Baby,0,0,0,0,0,0,0
This is in 5 other carts.,1,0,0,0,0,0,0
STOCK IS GUARANTEED FOR 60 MINUTES,1,0,0,0,0,0,0
Please add products to see your site in action,0,0,0,0,0,0,0
BSA FAC Air Rifles,0,0,0,0,0,0,0
Only 2 units left!,1,0,0,0,0,0,0
style to command,0,0,0,0,0,0,0
Only 5 left in stock,1,0,0,0,0,0,0
LIMITED TIME: FREE SHIPPING LOWERED TO ORDERS OVER $69.95!,1,0,0,0,0,0,0
sweatshirts,0,0,0,0,0,0,0
On Sale! Limited Time Offer!,1,0,0,0,0,0,0
"Sierra in Cypress, California bought Beauty In All Dress, Dusty Blue about 46 minutes ago",1,0,0,0,0,0,0
Ladies Flower Print Casual Fashion Dress,0,0,0,0,0,0,0
"If you click continue below we will be happy to tell you about discounts, money off and new products from Very by e-mail and text,
unless you tell us you DO NOT want to hear about them, by ticking here.
If you would like to receive offers from carefully selected 3rd parties, please tick here",0,0,0,0,0,0,1
Bath Bombs & Salts,0,0,0,0,0,0,0
Wall art,0,0,0,0,0,0,0
Bath Decor,0,0,0,0,0,0,0
Free Shipping,0,0,0,0,0,0,0
Household,0,0,0,0,0,0,0
"An item you ordered is in high demand. No worries, we have prioritized your order.",1,0,0,0,0,0,0
60% OFF ENDS IN DAYS HOURS MINUTES SECONDS,1,0,0,0,0,0,0
Keep up with crankbrothers,0,0,0,0,0,0,0
Casual Sheath Chiffon Sequins Straps V-neck Sleeveless Bridesmaid Dress,0,0,0,0,0,0,0
"No thanks, I don't like savings",0,0,0,1,0,0,1
We use cookies to give you the best experience possible. No personal information is stored. Using this website means that you are ok with this cookie policy.,0,0,0,0,0,0,0
218 people have added this item to cart,1,0,0,0,0,0,0
QUICK! ONLY 1 LEFT IN STOCK,1,0,0,0,0,0,0
Only 1 Left !,1,0,0,0,0,0,0
"Port, Sherry & Sweet Wine",0,0,0,0,0,0,0
"No thanks, I prefer to pay more for shoes!",0,0,0,1,0,0,1
Engine Cooling System,0,0,0,0,0,0,0
ONLY 5 LEFT,1,0,0,0,0,0,0
How/why the homepage uses cookies,0,0,0,0,0,0,0
mens long sleeve organic shirt,0,0,0,0,0,0,0
These cookies are usually set by our marketing and advertising partners. They may be used by them to build a profile of your interest and later show you relevant ads. If you do not allow these cookies you will not experience targeted ads for your interests.,0,0,0,0,0,0,0
20% OFF VALENTINE\u2019S DAY FAVOURITES * | LIMITED TIME ONLY,1,0,0,0,0,0,0
EDC-V Megalodon Bottle Opener - Brass (Exclusive),0,0,0,0,0,0,0
Availability: Low in stock today,1,0,0,0,0,0,0
NO THANKS,0,0,0,1,0,0,1
Motocross Gloves,0,0,0,0,0,0,0
Popular item! 🔥 27 people recently purchased this.,1,0,0,0,0,0,0
All consumers in the EU are charged VAT on the purchase of goods and services.,0,0,0,0,0,0,0
105 pawrents are buying for their furkids now!,1,0,0,0,0,0,0
Compare at,0,0,0,0,0,0,1
*Only 2 left in stock. Don't miss out!,1,0,0,0,0,0,0
No reviews yet Write a review,0,0,0,0,0,0,0
Continue with Facebook Continue with Google,0,0,0,0,0,0,0
TERMS OF SALE,0,0,0,0,0,0,0
"NO THANKS, I DON'T WANT TO SAVE MONEY",0,0,0,1,0,0,1
Back Yard & Spa,0,0,0,0,0,0,0
Low Stock! Only 3 left.,1,0,0,0,0,0,0
PopGrip Antimicrobial Refine by Product Type: PopGrip Antimicrobial,0,0,0,0,0,0,0
Customer Support,0,0,0,0,0,0,0
25% OFF SELECTED JACKETS Limited Time,1,0,0,0,0,0,0
117 people have viewed this item in the last 7 days.,1,0,0,0,0,0,0
41 people have looked at this in the last couple of hours,1,0,0,0,0,0,0
Only 1 left in stock! Order soon!,1,0,0,0,0,0,0
New Rifles,0,0,0,0,0,0,0
Limited Time Promo $194.00,1,0,0,0,0,0,0
Nightforce New Year Clearance,0,0,0,0,0,0,0
SUPPORT THE AMERICAN SUPRESSOR ASSOCIATION,0,0,0,0,1,0,0
Custom Board Quote,0,0,0,0,0,0,0
Charity Collection,0,0,0,0,0,0,0
James from Colonia purchased a,1,0,0,0,0,0,0
$132.90 $99.00,0,0,0,0,0,0,1
Graphic T-Shirts,0,0,0,0,0,0,0
Landofcoder can power almost ANY marketplace you think of,0,0,0,0,0,0,0
I always order from them! Such good quality for the price you pay! Will always be back!,0,0,0,0,0,0,0
I have not had my hair so soft and shiny in such a long time and my grey was completely covered! So incredibly happy.,0,0,0,0,0,0,0
Excellent service all round,0,0,0,0,0,0,0
View all,0,0,0,0,0,0,0
韓國香氛 Cosmic Mansion,0,0,0,0,0,0,0
Nighty For Honeymoon,0,0,0,0,0,0,0
"HURRY, ONLY 1 LEFT!",1,0,0,0,0,0,0
Shop All Vape Kits,0,0,0,0,0,0,0
Shoe Care,0,0,0,0,0,0,0
"No thanks, I don't want to save up to 75%",0,0,0,1,0,0,1
"Tristan in Markham, Canada purchased a Dragon Baseball Jersey",1,0,0,0,0,0,0
THE SET INCLUDES:,0,0,0,0,0,0,0
Short,0,0,0,0,0,0,0
7 left in stock,1,0,0,0,0,0,0
"Be part of the best family ever & enjoy 15% in VIP Benefits on every order, every day. That's 10% Instant Savings plus 5% back in Rewards Cash on everything. Plus, enjoy 90 days to test run your shoes, socks, and insoles. And so much more! Join today for just $1.99 your first year.",0,0,0,0,1,0,0
Add to Wish List(13 People Have Added),1,0,0,0,0,0,0
Womens Plaid Clothing,0,0,0,0,0,0,0
Embossing Powder,0,0,0,0,0,0,0
"No thanks, I want to pay the full price.",0,0,0,1,0,0,1
Only 1 item left!,1,0,0,0,0,0,0
"Mounif in Pittsburgh, United States purchased",1,0,0,0,0,0,0
Your order is reserved for 09:43 minutes!,1,0,0,0,0,0,0
Platinum-Dipped Rose,0,0,0,0,0,0,0
5 LEFT,1,0,0,0,0,0,0
"No thanks, I prefer to pay full price.",0,0,0,1,0,0,1
"Rs 4,013 (Retail Discount) + Rs 2,997 (Limited Time Coupon)",1,0,0,0,0,0,0
A-Z Luxury Brands,0,0,0,0,0,0,0
Fashion Short Sleeve Crew Neck Print Dress,0,0,0,0,0,0,0
We have 1 left in stock,1,0,0,0,0,0,0
12 recently purchased it.,1,0,0,0,0,0,0
Wife,0,0,0,0,0,0,0
"By signing up via text, you agree to receive recurring automated promotional and personalized marketing text messages from SPANX®. Msg & data rates apply. View Terms of Use & Privacy Policy.",0,0,0,0,0,0,0
0 DAYS22 HOURS13 MINUTES21 SECONDS,1,0,0,0,0,0,0
Articles: Medical Matters,0,0,0,0,0,0,0
"Only 5 left , In Stock",1,0,0,0,0,0,0
Jamie from Eloy United States purchased a CBD Oil Vape Additives 4 Pack About 7 hours ago,1,0,0,0,0,0,0
251 people are viewing this right now,1,0,0,0,0,0,0
All Girls Clothing,0,0,0,0,0,0,0
Join the Team,0,0,0,0,0,0,0
Vintage Fancy Red Bracelet Watch Women's,0,0,0,0,0,0,0
HURRY ONLY 1 ITEM LEFT!,1,0,0,0,0,0,0
What Are Healing Crystals?,0,0,0,0,0,0,0
404 Orders,1,0,0,0,0,0,0
Carpet Python Vivariums,0,0,0,0,0,0,0
"50% OFF Everything (yep, even sale) + $5.99 Shipping* ENDS IN 12h 13m 56s",1,0,0,0,0,0,0
"Tyler in Norwalk, United States purchased a",1,0,0,0,0,0,0
Someone in Pittsworth bought a Ultimate COLT Anal Training Kit 2 hours ago,1,0,0,0,0,0,0
#6 Bestseller in Rugs This item was viewed 92 times in the last day.,1,0,0,0,0,0,0
"Someone in Shelby twp, United States just bought Galaxy Note 8 10000mAh ZeroShock Battery Case 3 days ago",1,0,0,0,0,0,0
Charleston,0,0,0,0,0,0,0
Power Button Covers,0,0,0,0,0,0,0
(Only 1 left!),1,0,0,0,0,0,0
Discreet packaging,0,0,0,0,0,0,0
"How do I cancel my membership? We are confident you will enjoy your Premium Membership. If for any reason you are not completely satisfied within the first 30 days of your paid Annual Membership, we will refund 100% of your membership fee no questions asked. After 30 days we will refund your membership fee on a pro-rated basis. There are no refunds on Monthly Memberships. To obtain a refund, please contact us at 1-855-253-0822 or by email at wwgoasubscription@program-director.net.",0,0,0,0,0,1,0
Last one available,1,0,0,0,0,0,0
Mens Footwear,0,0,0,0,0,0,0
Upcoming Events,0,0,0,0,0,0,0
Beetle Remotes,0,0,0,0,0,0,0
Free People,0,0,0,0,0,0,0
"Carol in St. Louis, Missouri bought Original USB Charging Anti-Theft Backpack",1,0,0,0,0,0,0
ONLY 4 LEFT IN STOCK,1,0,0,0,0,0,0
Shop All Golf Balls,0,0,0,0,0,0,0
Sunglasses and Eyewear,0,0,0,0,0,0,0
Gut Health,0,0,0,0,0,0,0
"Dog Collars, Leads & Tethers",0,0,0,0,0,0,0
Naked Wolfe,0,0,0,0,0,0,0
How about these?,0,0,0,0,0,0,1
Only 14 left in stock,1,0,0,0,0,0,0
Optimized Patch System,0,0,0,0,0,0,0
Product Tagline,0,0,0,0,0,0,0
Anniversary Gifts,0,0,0,0,0,0,0
"No, thanks, I´d rather pay more",0,0,0,0,0,0,1
"Someone in Culgoa, Australia purchased Savelli Epic Mens Comfortable Leather Lace Up Boots Made In Brazil",1,0,0,0,0,0,0
1 Left,1,0,0,0,0,0,0
I don't want a discount,0,0,0,1,0,0,1
Healthy Diet,0,0,0,0,0,0,0
"No, thanks. I don't like great deals.",0,0,0,0,0,0,1
"Someone in Paris, France just purchased a Kanpeki Knife Set",1,0,0,0,0,0,0
WWE New Arrivals,0,0,0,0,0,0,0
"Alpha BRAIN® is a dietary supplement that helps support cognitive functions, including memory, mental speed, and focus.†",0,0,0,0,0,0,0
"Someone in Ampang, Malaysia just bought",1,0,0,0,0,0,0
"Trey in Columbia, United States purchased Leather Cord Capsule",1,0,0,0,0,0,0
"THE COMPETITION $1,299.99",0,0,0,0,0,0,1
ONLY 5 LEFT!,1,0,0,0,0,0,0
Hurry Low Stock,1,0,0,0,0,0,0
Items will be reserved in your cart for 19:10,1,0,0,0,0,0,0
1 people are viewing this currently,1,0,0,0,0,0,0
"No thanks, I’ll skip this amazing super-saver deal. I don’t need so many beautiful textures",0,0,0,1,0,0,1
SAA Oil & Acrylic Brushes,0,0,0,0,0,0,0
"1 left, order now!",1,0,0,0,0,0,0
Vacation One Shoulder Loosen Long Sleeve Woven Dress,0,0,0,0,0,0,0
Lip Balms & Treatments,0,0,0,0,0,0,0
Price Guaranteed For DAYS/HRS/MINS/SECS,1,0,0,0,0,0,0
Other Applications,0,0,0,0,0,0,0
"No thanks, I don’t want to save",0,0,0,1,0,0,1
High Gable Sheds,0,0,0,0,0,0,0
Wondering where to buy White Cloud products in the U.S.? Our distributor list is growing! Bookmark our list and stay tuned!,0,0,0,0,0,0,0
Products,0,0,0,0,0,0,0
Dressmakers Mannequins,0,0,0,0,0,0,0
Wait! YOUR CART QUALIFIES FOR 15% OFF YOUR ENTIRE ORDER. Offer Expires in: 2955,1,0,0,0,0,0,0
"No thanks, I will pay full price.",0,0,0,1,0,0,1
Air Purifying Plants,0,0,0,0,0,0,0
All Little Boys Clothing,0,0,0,0,0,0,0
Our Story,0,0,0,0,0,0,0
2 left,1,0,0,0,0,0,0
History Of The NRA,0,0,0,0,0,0,0
25% OFF* ENDS IN 00 : 12 : 27 : 15 DAYS HRS. MIN. SEC.,1,0,0,0,0,0,0
Start SellingSearchWishlistAccountCartCart,0,0,0,0,0,0,0
61 people have already bought that product today with 50% discount,1,0,0,0,0,0,0
89 currently viewing,1,0,0,0,0,0,0
Used Leica Cameras,0,0,0,0,0,0,0
Purchased 8 times in the last few days.,1,0,0,0,0,0,0
"Jonathan in Syracuse, United States just bought Electric Skateboard Battery Pack 36V 10S2P 4 hours ago",1,0,0,0,0,0,0
View All Bearings,0,0,0,0,0,0,0
Low in stock: only 1 left.,1,0,0,0,0,0,0
American Diamond Earrings,0,0,0,0,0,0,0
cm in,0,0,0,0,0,0,0
Personalize your doll,0,0,0,0,0,0,1
sales@scandinavianoutdoor.com,0,0,0,0,0,0,0
Searching...,0,0,0,0,0,0,0
Flat Iron,0,0,0,0,0,0,0
You can feel confident that your new box each month is helping you celebrate pregnancy and protect your bump!,0,0,0,0,0,0,0
Availability: 5 items left,1,0,0,0,0,0,0
"Someone from Osijek, Croatia just bought TMC CP Style Single Pistol Pouch",1,0,0,0,0,0,0
View product View SAA Standard Membership Renewal - Credit/Debit Card - One Year Only,0,0,0,0,0,0,0
The World Fair Trade Organization Label guarantees that People Tree follows Fair Trade best practices in our organisation.,0,0,0,0,0,0,0
Packed with Super Citrimax,0,0,0,0,0,0,0
"No thanks, I don't want to look my best",0,0,0,1,0,0,1
"Check your orders, in-store quotes & more",0,0,0,0,0,0,0
Thermostats,0,0,0,0,0,0,0
"Want more inspiration and styling tips? Dive into The Southern Edit, Southern Tide’s lifestyle blog, and follow us on social media.",0,0,0,0,0,0,0
The Wizard of Oz,0,0,0,0,0,0,0
"ONLY 5 LEFT, ORDER SOON!",1,0,0,0,0,0,0
Prices shown for delivery to JAPAN Change delivery country,0,0,0,0,0,0,0
Barbour International,0,0,0,0,0,0,0
70% offers claimed. Hurry up!,1,0,0,0,0,0,0
Only 1 Left!,1,0,0,0,0,0,0
M-Class Remotes,0,0,0,0,0,0,0
"Sorry, this is out of stock. You just missed it.",1,0,0,0,0,0,0
Your order is reserved for 19:57 minutes.,1,0,0,0,0,0,0
Clearance Optic Accessories Deals,0,0,0,0,0,0,0
Hurry! Limited Quantity Available.,1,0,0,0,0,0,0
I wish to Start Shopping but I don't want to receive daily email alerts about your amazing discounts on luxury brands.,0,0,0,1,0,0,1
"Jessica in Orange, United States purchased a Black 1920s Sequin Maxi Flapper Dress 12 minutes ago",1,0,0,0,0,0,0
3 Left!,1,0,0,0,0,0,0
Highline Double Wheel Bag,0,0,0,0,0,0,0
Only 5 Left,1,0,0,0,0,0,0
Only 1 left in stock - Order soon,1,0,0,0,0,0,0
Only 1 left.,1,0,0,0,0,0,0
Soft Toys,0,0,0,0,0,0,0
"ONCE IT'S GONE, IT'S GONE",1,0,0,0,0,0,0
Lease to Own conditions,0,0,0,0,0,0,0
Full HD 144Hz IPS Anti-Glare (1920 x 1080) FREE Upgrade (Limited time offer!),1,0,0,0,0,0,0
EXTRA -30% OFF WITH CODE: EXTRA30 Ends in: 0 0 0 0 days 0 0 4 4 hours . 0 0 9 9 min . 2 2 8 8 sec,1,0,0,0,0,0,0
Elegant A Line Short Sleeve Satin Bateau Floor-length Mother of the Bride Dress with Ribbon,0,0,0,0,0,0,0
Tidal Waves Collection,0,0,0,0,0,0,0
POPULAR 62 others checked this out in the last few hours.,1,0,0,0,0,0,0
Trowels & Putty Knife,0,0,0,0,0,0,0
Gifts By Price,0,0,0,0,0,0,0
"No thanks! I'd rather join the """"Pay Full Price for Things"""" club.",0,0,0,1,0,0,1
PopWallet+ Refine by Product Type: PopWallet+,0,0,0,0,0,0,0
FootwearHome & Office,0,0,0,0,0,0,0
Get 20% off Sample Doors! ×Offer Ends In 58 : 29 Use Promo Code sample20off,1,0,0,0,0,0,0
HURRY! ONLY 11 LEFT IN STOCK.,1,0,0,0,0,0,0
Hurry up! 22 people other than you have this product in their cart,1,0,0,0,0,0,0
family,0,0,0,0,0,0,0
Kinky Curly Wigs,0,0,0,0,0,0,0
Devices,0,0,0,0,0,0,0
Merchandise: $69.99iService Charge: $14.99 Total Before Tax: $84.98 Estimated Tax:$5.63Order Total: $90.61,0,0,0,0,1,0,0
Digital Device Covers,0,0,0,0,0,0,0
Pleated Skirts,0,0,0,0,0,0,0
beautifully written prose,0,0,0,0,0,0,0
4 days 05:46:20,1,0,0,0,0,0,0
Corporate Responsibility Report,0,0,0,0,0,0,0
手錶 / Watches,0,0,0,0,0,0,0
Only 69 left!,1,0,0,0,0,0,0
52 people have added this product to bag in the last 72 hours,1,0,0,0,0,0,0
156 sold in last 24 hours,1,0,0,0,0,0,0
BROKEN REMOTE? FIX IT YOURSELF AND SAVE HUGE,0,0,0,0,0,0,0
Offer ends 0Hours:04Minutes:46Seconds,1,0,0,0,0,0,0
COMBAT GEARHot,0,0,0,0,0,0,0
"1,446 people have viewed this item",1,0,0,0,0,0,0
Order in 14:53 to get 2 pillows for free,1,0,0,0,0,0,0
HURRY ONLY 9 LEFT IN STOCK!,1,0,0,0,0,0,0
only 1 in stock,1,0,0,0,0,0,0
Grey Jewelry,0,0,0,0,0,0,0
Select shake flavor:,0,0,0,0,0,0,0
ON SALE AT $1.99 FOR A LIMITED TIME,1,0,0,0,0,0,0
Submitted by Fermin Larracilla Pérez,0,0,0,0,0,0,0
Polycarbonate,0,0,0,0,0,0,0
Browse by A-Z,0,0,0,0,0,0,0
Other Snacks,0,0,0,0,0,0,0
Less than 6 items left,1,0,0,0,0,0,0
"Ken in Oakland, United States purchased a Dreamville Hoodie a month ago",1,0,0,0,0,0,0
Other Promotions,0,0,0,0,0,0,0
Recommended,0,0,0,0,0,0,0
17 people have added this item to cart,1,0,0,0,0,0,0
Free Shipping. Limited Time Only. for orders over $50,1,0,0,0,0,0,0
Set SALE Into Summer,0,0,0,0,0,0,0
IZZY MIDI DRESS Ivory,0,0,0,0,0,0,0
Gold Refine by Color: Gold,0,0,0,0,0,0,0
View All Homeware,0,0,0,0,0,0,0
Site Wide Savings for the Entire Family! Pricing is off Rogan's Shoes every day Low Prices! Prices are already reflected on the site. Limited time only! Restrictions apply. Online Only.,1,0,0,0,0,0,0
00 DAYS 00 HOURS 29 MINUTES 26 SECONDS,1,0,0,0,0,0,0
Explore more styles from this printspiration,0,0,0,0,0,0,0
Hurry! Only 2 Left,1,0,0,0,0,0,0
1 LEFT IN THIS SIZE,1,0,0,0,0,0,0
"Hurry, only 6 left in stock!",1,0,0,0,0,0,0
"Sponges, Mitts & Bath Brushes",0,0,0,0,0,0,0
Crystal Lotus Sriyantras,0,0,0,0,0,0,0
No thanks. I don’t want to save money.,0,0,0,1,0,0,1
Other CollectiblesPhotos,0,0,0,0,0,0,0
Need a Hand?,0,0,0,0,0,0,0
Hurry !! Only 52 left in stock,1,0,0,0,0,0,0
Free 60 day VIP trial membership with this order. Cancel anytime.,0,0,0,0,1,0,0
Purchase Benefit Club Member can cancel the Purchase Benefits at any time by calling MDG’s Customer Service department at: 1-800-906-0975 ext. 352 and requesting to cancel the Purchase Benefits.,0,0,0,0,0,1,0
lego harry potter,0,0,0,0,0,0,0
Most of our orders are from repeat customers.,0,0,0,0,0,0,0
New In Bottoms,0,0,0,0,0,0,0
Want to add one of these?,0,0,0,0,0,0,1
Base Layer & Thermals,0,0,0,0,0,0,0
FANSTASTIC DEALS,0,0,0,0,0,0,1
"Alyssa in San Antonio, United States purchased a iTunes Japan Gift Card 10000 JPY about 35 minutes ago",1,0,0,0,0,0,0
'Keeper of Lost Things',0,0,0,0,0,0,0
GlassGuard Warranty Do not fear breaking your glass! Add our GlassGuard warranty policy for just $3.85 and we'll insure this purchase.,0,0,0,0,0,0,1
Hair Care Remedies,0,0,0,0,0,0,0
In Stock (8) Left,1,0,0,0,0,0,0
Paul Henry,0,0,0,0,0,0,0
Cincinnati Bengals T-Shirts,0,0,0,0,0,0,0
Compare Products,0,0,0,0,0,0,0
Sexy A Line Short Sleeve Sequins Off-the-shoulder Floor-length Mother of the Bride Dress with Split Front,0,0,0,0,0,0,0
"Fancy some creative inspiration, news and offers? Sign up for SAA enewsletters today.",0,0,0,0,0,0,0
Sports Bras,0,0,0,0,0,0,0
Purchased 100+ times in the last few days.,1,0,0,0,0,0,0
Accessibly App features,0,0,0,0,0,0,0
Scarves & Snoods,0,0,0,0,0,0,0
Your cart is reserved for 14:05 minutes!,1,0,0,0,0,0,0
OH SHIP! Looks like that page wasn't found,0,0,0,0,0,0,0
Only a few left!,1,0,0,0,0,0,0
In Stock Only 5 left!,1,0,0,0,0,0,0
Exotic Bird Food,0,0,0,0,0,0,0
Limited Time,1,0,0,0,0,0,0
AN ITEM IN YOUR CART IS SELLING OUT QUICKLY,1,0,0,0,0,0,0
iPhones,0,0,0,0,0,0,0
Either because we're updating the site or because someone spilled coffee on it again. We'll be back just as soon as we finish the update or clean up the coffee.,0,0,0,0,0,0,0
Hurry Up! Only 1 Piece Left,1,0,0,0,0,0,0
LIMITED OFFER: $125 Off + 2 Free Pillows,1,0,0,0,0,0,0
Want Free Shipping?,0,0,0,0,0,0,1
Summer Simple Breathable Socks,0,0,0,0,0,0,0
Sellout risk:,1,0,0,0,0,0,0
"No thanks, I don’t like saving money.",0,0,0,1,0,0,1
Value of Product,0,0,0,0,0,0,0
00DAYS07HOURS09MINUTES39SECONDS,1,0,0,0,0,0,0
Someone from purchased a HOLEES Original Ladies II - Navy About 9 hours ago,1,0,0,0,0,0,0
Mountboard,0,0,0,0,0,0,0
Graduations,0,0,0,0,0,0,0
Light powerful.,0,0,0,0,0,0,0
Availability: Low Stock 4 Remaining,1,0,0,0,0,0,0
Items in your cart are in high demand. But we have reserved your order.,1,0,0,0,0,0,0
Viewed 744 times today,1,0,0,0,0,0,0
Only 2 Left in Stock,1,0,0,0,0,0,0
1044 sold in past 12 months,1,0,0,0,0,0,0
Cropped Jeans,0,0,0,0,0,0,0
64 users bought this product Touch: The Set - Touch XL & TouchUp Makeup Mirror Bundle,1,0,0,0,0,0,0
"Someone in Joliet, Illinois purchased a Yocan Evolve Plus XL Vaporizer",1,0,0,0,0,0,0
Jeanne E. Bray Memorial Scholarship,0,0,0,0,0,0,0
"Samuel in Minneapolis, United States purchased a Pod Juice Jewel Mint Cool ❄️Nicotine Salt e-Liquid 15/30ml 7 hours ago",1,0,0,0,0,0,0
Boardshorts,0,0,0,0,0,0,0
"The site was easy to navigate. I haven't received my shoes yet, but overall a good experience.",0,0,0,0,0,0,0
Cheaney,0,0,0,0,0,0,0
≡ Filter Reviews Clicking on the following button will update the content below,0,0,0,0,0,0,0
Arthritis Aids,0,0,0,0,0,0,0
Camo Shirts & T Shirts,0,0,0,0,0,0,0
SELLING FAST! GET 10% OFF THIS ITEM. ACTIVATE NOW.,1,0,0,0,0,0,0
TRE by Natalie Ratabesi,0,0,0,0,0,0,0
LIMITED TIME OFFER,1,0,0,0,0,0,0
"Sign Up To Our Newsletter To Receive News, Offers And Promotions.",0,0,0,0,0,0,0
"Someone from Cape Town, Western Cape, South Africa just started buying Packable Travel Duffel Bag! 5 minutes ago",1,0,0,0,0,0,0
Offer ends in 9hrs 55min 29sec!,1,0,0,0,0,0,0
(LIMITED TIME OFFER) TORSION GUN HOLSTER SUPER COMBO,1,0,0,0,0,0,0
Sale By Category,0,0,0,0,0,0,0
Floral Cross Stitch & Embroidery Kits,0,0,0,0,0,0,0
Your AccountTrack Your OrdersJoin Celebrations Passport,0,0,0,0,0,0,0
Dog Whistles & Lanyards,0,0,0,0,0,0,0
Hurry! Only 1 left in stock,1,0,0,0,0,0,0
1 people bought Jotter To Do Refill in the last few hours,1,0,0,0,0,0,0
Other people want this. 10 people have this in their cart right now.,1,0,0,0,0,0,0
Terms of Use Privacy Policy Do Not Sell My Personal Information Request My Personal Information,0,0,0,0,0,0,0
Colors,0,0,0,0,0,0,0
Manage Consent Preferences,0,0,0,0,0,0,0
Select Occasion close,0,0,0,0,0,0,0
1 person is looking at this item.,1,0,0,0,0,0,0
LIMITED TIME OFFER! FREE SHIPPING OVER $99 + FREE RETURNS*,1,0,0,0,0,0,0
994 items sold this hour.,1,0,0,0,0,0,0
View All New Arrivals,0,0,0,0,0,0,0
How White Cloud Prevents E-Cig Sales to Minors Read More ➞,0,0,0,0,0,0,0
"Someone in Petaling Jaya, Malaysia just bought SNEAKERGUARD Midsole Paint Marker - BOOST White",1,0,0,0,0,0,0
Availability: Low Stock,1,0,0,0,0,0,0
Low Stock,1,0,0,0,0,0,0
Influencer Program,0,0,0,0,0,0,0
View All Apartment,0,0,0,0,0,0,0
72% offers claimed. Hurry up!,1,0,0,0,0,0,0
(Only 1 Left),1,0,0,0,0,0,0
I accept the Terms & Conditions of the FREE Brother Care Program and agree to receive exclusive offers and general promotions from Brother. I may withdraw my consent at any time.,0,0,0,0,0,1,0
Someone in Red Cliffs bought a RHK Yamaha YZ/YZF/WRF 99-16 Blue Pursuit Footpegs 3 minutes ago,1,0,0,0,0,0,0
limited availability at this price!,1,0,0,0,0,0,0
WilmaNorth Carolina,0,0,0,0,0,0,0
TV & Home Appliances,0,0,0,0,0,0,0
"Save 25% on your entire order 09 Hours 57 Minutes 34Seconds use code: SPRING25""",1,0,0,0,0,0,0
"Wigsbuy- Online Beauty Store of Fashion Wigs, Hair Extensions & Accessories for Sale.",0,0,0,0,0,0,0
Quick Navigation,0,0,0,0,0,0,0
CHF,0,0,0,0,0,0,0
+ Performance Cookies,0,0,0,0,0,0,0
No I don't feel lucky,0,0,0,0,0,0,1
Ericdress Summer Patchwork Polyester Long Women's Tank Top,0,0,0,0,0,0,0
More Sports,0,0,0,0,0,0,0
Bento Lunch Boxes & Food Containers,0,0,0,0,0,0,0
Clinical Studies,0,0,0,0,0,0,0
Accessories Collection,0,0,0,0,0,0,0
3 LEFT,1,0,0,0,0,0,0
Electric Daisy,0,0,0,0,0,0,0
VUSE Alto Menthol Pods,0,0,0,0,0,0,0
Hurry! Only 2 left at this price!,1,0,0,0,0,0,0
Limited Time Offer,1,0,0,0,0,0,0
"NO THANKS, I DON'T LIKE FREE STUFF",0,0,0,1,0,0,1
"I’ve read and accept the terms & conditions * , I also authorize Bosley to contact me by phone or text utilizing automated dialing equipment, as well as by email or mail with information about appointments, products, services, news or promotions. I also agree to Bosley's Terms of Service. Otherwise, call Bosley at 800-985-6405 to request your FREE information kit or to schedule your FREE no-obligation consultation.",0,0,0,0,0,1,0
Crystal Beads,0,0,0,0,0,0,0
Last purchased at 11:19am today.,1,0,0,0,0,0,0
9 sold in last 4 hours,1,0,0,0,0,0,0
Less than 10 left in stock,1,0,0,0,0,0,0
· Physical Healing,0,0,0,0,0,0,0
WAX Jeans,0,0,0,0,0,0,0
Sold out,0,0,0,0,0,0,0
Only 1 piece left.,1,0,0,0,0,0,0
"No thanks, I don't like good deals.",0,0,0,1,0,0,1
Only 5 pcs left!,1,0,0,0,0,0,0
Complete your purchase within the next 12:18 minutes and receive 10% off,1,0,0,0,0,0,0
All Clothing,0,0,0,0,0,0,0
Rose Gold Shoes,0,0,0,0,0,0,0
33 sold in last 12 hours.,1,0,0,0,0,0,0
Sign in & make your visit all about you,0,0,0,0,0,0,0
3 Left,1,0,0,0,0,0,0
"No thanks, I don't want discount",0,0,0,1,0,0,1
228 People Have Viewed This Product Recently!,1,0,0,0,0,0,0
Taxes and shipping will be estimated at checkout.,0,0,0,0,0,0,0
Shop all,0,0,0,0,0,0,0
HURRY! ONLY 58 LEFT IN STOCK!,1,0,0,0,0,0,0
"Email us ASAP (like seriously) at getflat@flattummyco.com and we will do everything we can to update this for you. As soon as you order, we will send you a confirmation email so please check your details carefully.",0,0,0,0,0,0,0
Current Offers,0,0,0,0,0,0,0
Be the first to get updates as well as access to exclusive offers and promotions,0,0,0,0,0,0,0
Hayden near Princeton just bought!!!: CBD VEGAN GUMMIES,1,0,0,0,0,0,0
660 people have viewed today,1,0,0,0,0,0,0
"Someone in Madrid, Spain just bought",1,0,0,0,0,0,0
help@postergully.com,0,0,0,0,0,0,0
Sale Ends in 5 days 14 hours 42 mins 53 sec,1,0,0,0,0,0,0
LOW STOCK: Only 1 left.,1,0,0,0,0,0,0
Men's Sports Bottoms,0,0,0,0,0,0,0
Only 16 Left in Stock!,1,0,0,0,0,0,0
Shop By Shape,0,0,0,0,0,0,0
"$3,159.20 $3,949.00 Limited time only",1,0,0,0,0,0,0
This link will open in a new window,0,0,0,0,0,0,0
Hurry Up ! Time is running out,1,0,0,0,0,0,0
Low Price Guarantee,0,0,0,0,0,0,0
5 left,1,0,0,0,0,0,0
"Someone in Arden Hills, United States purchased 120ml Young Napoleon | Best Strawberry Shortcake eJuice | Vaporham Lincoln eLiquid about 42 minutes ago",1,0,0,0,0,0,0
Out of Stock!,0,0,0,0,0,0,0
"Synthetic nicotine | Strawberry, kiwi & pomegranate",0,0,0,0,0,0,0
Just BEE Queen,0,0,0,0,0,0,0
Would you like to buy more and save more?,0,0,0,0,0,0,1
FOR A LIMITED TIME ONLY,1,0,0,0,0,0,0
Track your order by entering your order number and email below or if you would like to create an account or log in (click here),0,0,0,0,0,0,0
Swedish Hasbeens,0,0,0,0,0,0,0
"Someone in Tornado, United States just bought Fresh Melon Menthol 2 hours ago",1,0,0,0,0,0,0
Only 8 Left!,1,0,0,0,0,0,0
"No Thanks, I Prefer Paying Full Price.",0,0,0,1,0,0,1
Unique and personalized products to go as yourself.,0,0,0,0,0,0,0
Search Search,0,0,0,0,0,0,0
Only 10 left in stock,1,0,0,0,0,0,0
Did you know we have an app? Create shareable art and custom PopSockets designs with our unique image editing tools.,0,0,0,0,0,0,0
John Boos,0,0,0,0,0,0,0
Limited time offer,1,0,0,0,0,0,0
Bar Stools,0,0,0,0,0,0,0
"Get inspiration, new arrivals and the latest offers to your inbox.",0,0,0,0,0,0,0
11 people have purchased this item,1,0,0,0,0,0,0
2049 sold in the last 7 days,1,0,0,0,0,0,0
I don't like discounts,0,0,0,0,0,0,1
"no thanks, I like paying full price",0,0,0,1,0,0,1
232 people are viewing this offer!,1,0,0,0,0,0,0
"Prior to the automatic renewal and billing, we will notify you in advance (via the email you used at the time of enrollment) of (i) the pending renewal, (ii) the then current fees and charges applicable to the Passport Program, and (iii) where you may find more information about the Passport Program. We will also send you an additional email confirming your renewal. Should you elect not to renew your Membership, you may cancel at any time prior to the renewal by emailing us at passportmembership@1800flowers.com and your credit/debit card on file with us will not be charged. A confirmation email will be sent to you.",0,0,0,0,0,1,0
02 DAYS :23 HOURS :00 MINS :54 SECS,1,0,0,0,0,0,0
1DAYS 04 HOURS 17 MINUTES 18 SECONDS,1,0,0,0,0,0,0
LEGO Sondersets Saison Polybags Promotionals ExklusiveOpens in a new window or tab,0,0,0,0,0,0,0
Custom Kids Headwear,0,0,0,0,0,0,0
"N++ is all about using your momentum to complete levels and get high scores, but in this sci-fi world, there’s a slew of inadvertently homicidal enemy robots trying to prevent you from completing your goal.",0,0,0,0,0,0,0
Sale ending in 0 days 04 hours 12 minutes 10 seconds,1,0,0,0,0,0,0
Return my item,0,0,0,0,0,0,0
Baby Size Guide,0,0,0,0,0,0,0
127 People viewed this product this week,1,0,0,0,0,0,0
🔥 2 people are looking right now,1,0,0,0,0,0,0
Drive and Focus,0,0,0,0,0,0,0
Enter your email VIEW MY CODE OFFER EXPIRES IN: 0 minutes 00 seconds EXTRA 10% OFF,1,0,0,0,0,0,0
161 people have viewed this item,1,0,0,0,0,0,0
Only 2 left.,1,0,0,0,0,0,0
Hurry! Only 7 left in stock.,1,0,0,0,0,0,0
Hot Offer. Limited Time,1,0,0,0,0,0,0
Gameday Collection,0,0,0,0,0,0,0
Whoops!,0,0,0,0,0,0,0
Only 1 Left in Stock!,1,0,0,0,0,0,0
Memory Cards,0,0,0,0,0,0,0
"Rick in Columbia, United States purchased a",1,0,0,0,0,0,0
9 items left,1,0,0,0,0,0,0
Hurry up! Only 11 items left,1,0,0,0,0,0,0
Welcome Newcomer,0,0,0,0,0,0,0
"Debby in Harpers Ferry, United States just bought: Icing Pen Decorating Tool",1,0,0,0,0,0,0
Grab yourself a bargain!,0,0,0,0,0,0,1
We are not currently accepting orders from outside of the UK.,0,0,0,0,0,0,0
Hurry! Only 1 left!,1,0,0,0,0,0,0
NRA Whittington Center Store,0,0,0,0,0,0,0
"No Thanks, I prefer not to have a protection plan",0,0,0,1,0,0,1
New Vintage Stylish Belt Watch - Women,0,0,0,0,0,0,0
31 have it in their cart,1,0,0,0,0,0,0
First to know about upcoming tastings & events,0,0,0,0,0,0,0
Why buy from us,0,0,0,0,0,0,0
Plus Size Shirts and Blouses,0,0,0,0,0,0,0
People also buy this with,0,0,0,0,0,0,1
HURRY! ONLY 31 LEFT IN STOCK.,1,0,0,0,0,0,0
A Date With Duchess,0,0,0,0,0,0,0
Only 3 left.,1,0,0,0,0,0,0
Wish Your Loved Ones Instantly with Ferns N Petals International Services,0,0,0,0,0,0,0
We may also disclose your information to third parties who may contact you with details of other products and services which may be of interest. If you do not want your name and mailing details made available in this way please email opt-out@nextdirect.com,0,0,0,0,0,1,0
"Order now, only 2 left in stock!",1,0,0,0,0,0,0
PopGrip MagSafe Refine by Product Type: PopGrip MagSafe,0,0,0,0,0,0,0
What's New By Category,0,0,0,0,0,0,0
Active Filters English (United States) English (United States) ✘ Remove Filter,0,0,0,0,0,0,0
"Someone in Chambersburg, Pennsylvania purchased",1,0,0,0,0,0,0
› Sub Ohm Juice,0,0,0,0,0,0,0
2day 13:49:51 Left,1,0,0,0,0,0,0
Hurry up! Sale Ends in,1,0,0,0,0,0,0
B-Series Truck remotes,0,0,0,0,0,0,0
Red Tops,0,0,0,0,0,0,0
JOINT Oil,0,0,0,0,0,0,0
Limited Stock,1,0,0,0,0,0,0
Orthopedic,0,0,0,0,0,0,0
Retro Cordless Edison Bulb Lamp,0,0,0,0,0,0,0
93 PEOPLE HAVE BOUGHT THIS PRODUCT TODAY,1,0,0,0,0,0,0
Speed Lace Accessory Kit - Silver,0,0,0,0,0,0,0
"No, thanks. I'd rather pay full price.",0,0,0,0,0,0,1
LIMITED TIME OFFER : Grab a Matching Pair & save up 60%!,0,0,0,0,0,0,1
Americas,0,0,0,0,0,0,0
Here to help,0,0,0,0,0,0,0
Comfy and looks great,0,0,0,0,0,0,0
Creators' Council,0,0,0,0,0,0,0
Yes! Upgrade my purchase,0,0,0,0,0,0,1
"Jeremy in Warroad, United States purchased a",1,0,0,0,0,0,0
Kick those cravings,0,0,0,0,0,0,0
Brushes + Tools,0,0,0,0,0,0,0
Free climate compensated shipping & returns,0,0,0,0,0,0,0
Deal expires in: 03 hrs 25 mins 22 sec,1,0,0,0,0,0,0
FREE SHIPPING // FOR A LIMITED TIME ONLY,1,0,0,0,0,0,0
Read More,0,0,0,0,0,0,0
"Location: Kansas City, MO",0,0,0,0,0,0,0
"Find your local store, view opening hours and find out where you can get your latest pickup in-store!",0,0,0,0,0,0,0
only 5 left in stock!,1,0,0,0,0,0,0
Casual Wear,0,0,0,0,0,0,0
40% OFF EVERYTHING* ENTER: 40PLT + FREE SHIPPING OVER $80 HURRY! LIMITED TIME ONLY,1,0,0,0,0,0,0
Resend One time Pin,0,0,0,0,0,0,0
Case Material,0,0,0,0,0,0,0
"Natalie in Graham, United States purchased a FREE BTS Answer Magic Pillow about 1 hour ago",1,0,0,0,0,0,0
tedpullin,0,0,0,0,0,0,0
Custom Women's Apparel,0,0,0,0,0,0,0
Ask a Question,0,0,0,0,0,0,0
Discontinued Item,0,0,0,0,0,0,0
Order Subtotal $19.99 Standard Delivery $12.99 Care & Handling $2.99 Tax $2.38 Total $38.35 Savings Today $10.00,0,0,0,0,1,0,0
No I'd rather not hear about exclusive offers and discounts.,0,0,0,0,0,0,1
"No thanks, I’d rather pay more",0,0,0,1,0,0,1
Only 3 left in stock!,1,0,0,0,0,0,0
Don't leave without taking discount,0,0,0,0,0,0,0
View your order history,0,0,0,0,0,0,0
What people are saying about us...,1,0,0,0,0,0,0
Hydration,0,0,0,0,0,0,0
Act now and save $12.99. Limited time only!,1,0,0,0,0,0,0
Only 13 left!,1,0,0,0,0,0,0
"If your JR Plus membership has renewed automatically, you have seven (7) days after payment is taken to cancel your annual membership. You must contact Customer Service at (888) 574-3576 within this window and not have made any eligible purchase using the JR Plus service. You will then be provided with a full refund of your membership fee for the renewal year and the JR Plus service will be cancelled from your account. If you cancel during any renewal year after the seven (7) day window expires, you are not entitled to any refund of the renewal fee, even if you have not made any eligible purchase during the renewal term.",0,0,0,0,0,1,0
Tick here if you do not want to receive Promotional Offers by Post Tick here if you do wish to receive Promotional Offers by email and/or SMS Tick here if you would like to receive Offers from selected third parties,0,0,0,0,0,0,1
40% OFF EVERYTHING* ENTER: 40PLT + FREE SHIPPING ON ALL ORDERS OVER $80,1,0,0,0,0,0,0
about us,0,0,0,0,0,0,0
Microsoft Xbox One S Wireless Controller »,0,0,0,0,0,0,0
Carports & Garages,0,0,0,0,0,0,0
You may cancel your membership at any time by calling us at at 855-861-2573 (6:00AM – 5:00PM PST) or by emailing support@luckytacklebox.com. California residents may also cancel your subscription by accessing your Account through the Site.,0,0,0,0,0,1,0
"Hurry, only 5 left",1,0,0,0,0,0,0
"After trying several other shades of red, I’ve tried this one and just love it. It is the perfect shade of brown with beautiful red highlights, very rich color, and very beautiful.",0,0,0,0,0,0,0
No thanks! I don't like deals,0,0,0,1,0,0,1
Ireland EUR,0,0,0,0,0,0,0
Fashion Forward,0,0,0,0,0,0,0
"You may cancel your Minted More membership at any time by contacting Minted Customer Service at www.minted.com/help. If you cancel your membership before your Minted More gift box has shipped, we will refund your full membership fee; provided that we may charge you (or withhold from your refund) the value of Minted More discount benefits used by you and your account prior to cancellation. If you cancel at any other time, your membership fee is non-refundable.",0,0,0,0,0,1,0
Optics and Mounts,0,0,0,0,0,0,0
Don't Know Pincode?,0,0,0,0,0,0,0
"SALE ENDS IN 19 DAYS, 9 HOURS, 50 MINUTES, 54 SECONDS",1,0,0,0,0,0,0
Your order is reserved for 29:52 minutes!,1,0,0,0,0,0,0
"NA-KD, White",0,0,0,0,0,0,0
Game Extraction & Prep,0,0,0,0,0,0,0
Golf Remotes,0,0,0,0,0,0,0
Baby Girl Shoes,0,0,0,0,0,0,0
Books About Indian Culture,0,0,0,0,0,0,0
"For any other inquiries, Click here",0,0,0,0,0,0,0
Round Boards,0,0,0,0,0,0,0
LIMITED TIME ONLY,1,0,0,0,0,0,0
Only 9 left!,1,0,0,0,0,0,0
"Mher from San Angelo, TX Recently made a purchase with Crossrope",1,0,0,0,0,0,0
"There's no obligation to buy as an Xtra VIP Member, nor is there any minimum number of months or commitment for membership. You can shop or ‘Skip’ by the 5th of each month, and you can cancel your membership at any time by calling (855) SAVAGEX (open 24/7).",0,0,0,0,0,1,0
3 left in stock,1,0,0,0,0,0,0
No thanks. I love chaos!,0,0,0,1,0,0,1
By Doug,0,0,0,0,0,0,0
"No thanks, I like paying full price",0,0,0,1,0,0,1
Show Cart,0,0,0,0,0,0,0
Lean To Sheds,0,0,0,0,0,0,0
Cordless Phones For Seniors,0,0,0,0,0,0,0
ONLY 9 LEFT,1,0,0,0,0,0,0
"No Thanks, I don't want official software at the best price.",0,0,0,1,0,0,1
Bra Panty Set,0,0,0,0,0,0,0
DressesFootwearHatsHoodies & SweatshirtsJerseysPantsSleepwear & UnderwearSwim CollectionT-ShirtsSale Items- View All -,0,0,0,0,0,0,0
Only 4 left in stock,1,0,0,0,0,0,0
Trending Players,0,0,0,0,0,0,0
10 Left in stock,1,0,0,0,0,0,0
Add 2-year extended warranty for $19.99 (Pre-selected),0,1,0,0,1,0,0
Include optional travel protection insurance in your order,0,1,0,0,1,0,0
"Yes, automatically renew my subscription every year",0,1,0,0,0,1,0
Pre-checked: Subscribe to partner offer newsletters and promotions,0,1,0,0,0,0,1
Checked by default: Add express processing fee ($4.99),0,1,0,0,1,0,0
ACCEPT ALL COOKIES (Bright green large button) vs Reject non-essential (tiny gray link),0,0,1,0,0,0,1
Prominent glowing 'Upgrade Now' button alongside faded gray 'Maybe Later',0,0,1,0,0,0,0
Giant 'Continue to Checkout' button vs low contrast invisible cancel text,0,0,1,0,0,0,1
"No thanks, I prefer paying full price",0,0,0,1,0,0,1
"No thanks, I don't care about security",0,0,0,1,0,0,1
"No, I'd rather miss out on exclusive discounts",0,0,0,1,0,0,1
*A service fee of $5.99 will be added at the final payment step,0,0,0,0,1,0,0
Mandatory resort fee of $35/night added during checkout,0,0,0,0,1,0,0
Price excludes handling fees and delivery surcharge,0,0,0,0,1,0,0
Start 7-day free trial. Automatically converts to $29.99/mo subscription. Call phone number to cancel.,0,0,0,0,1,1,0
Membership auto-renews annually. Cancellation requires written mail 30 days prior.,0,0,0,0,0,1,0
Enter credit card to unlock free trial. Automatic billing begins after 3 days.,0,0,0,0,1,1,0
